date,homeTeamWin,homeTeam,homeTeamConf,homeTeamDiv,homeTeamDaysOff,homeTeamTotalWinPercent,homeTeamConfWinPercent,homeTeamHomeWinPercent,homeTeamLastFive,homeTeamLastTen,awayTeam,awayTeamConf,awayTeamDiv,awayTeamDaysOff,awayTeamTotalWinPercent,awayTeamConfWinPercent,awayTeamAwayWinPercent,awayTeamLastFive,awayTeamLastTen
1510293600,0,UTA,West,Northwest,3,454,555,714,2,4,MIA,East,Southeast,2,454,600,400,3,5
1510380000,1,UTA,West,Northwest,1,416,555,625,1,4,BKN,East,Atlantic,0,416,500,285,2,4
1517464800,1,DEN,West,Northwest,2,509,484,730,3,5,OKC,West,Northwest,2,588,535,440,4,8
1509426000,0,MIL,East,Central,2,666,600,500,3,4,OKC,West,Northwest,3,500,0,333,2,3
1515132000,0,MEM,West,Southwest,2,315,423,368,2,4,WAS,East,Southeast,2,578,550,473,4,7
1516428000,0,CLE,East,Central,1,613,666,761,1,3,OKC,West,Northwest,2,555,535,409,3,5
1517810400,1,DET,East,Central,2,490,454,615,3,3,POR,West,Northwest,0,547,533,500,3,7
1508907600,1,GS,West,Pacific,2,500,500,0,2,2,TOR,East,Atlantic,2,666,1000,0,2,2
1509771600,1,DET,East,Central,1,666,600,750,4,6,SAC,West,Pacific,2,125,200,200,0,1
1510293600,0,CHI,East,Central,3,222,333,250,1,2,IND,East,Central,2,416,333,285,1,4
1516773600,0,DET,East,Central,3,488,433,619,0,2,UTA,West,Northwest,1,404,440,208,2,3
1509166800,1,POR,West,Northwest,2,600,666,500,3,3,PHO,West,Pacific,3,400,400,0,2,2
1514786400,1,TOR,East,Atlantic,3,705,764,928,3,7,MIL,East,Central,2,558,411,437,3,5
1514872800,0,NY,East,Atlantic,3,500,409,714,1,5,SA,West,Southwest,3,675,650,444,3,6
1517551200,1,PHI,East,Atlantic,2,500,500,545,2,5,MIA,East,Southeast,2,568,625,571,2,5
1509080400,0,CHA,East,Southeast,2,500,333,1000,2,2,HOU,West,Southwest,2,800,750,1000,4,4
1512540000,1,MIL,East,Central,2,545,363,600,3,6,DET,East,Central,1,608,500,461,2,4
1513144800,0,PHO,West,Pacific,0,310,266,266,1,2,TOR,East,Atlantic,1,680,666,533,4,7
1512626400,0,UTA,West,Northwest,2,520,571,733,4,7,HOU,West,Southwest,4,818,818,909,5,9
1514959200,0,LAL,West,Pacific,2,305,217,333,0,1,OKC,West,Northwest,3,540,523,352,3,7
1511848800,1,UTA,West,Northwest,3,450,500,666,3,4,DEN,West,Northwest,4,578,500,333,3,6
1514354400,1,MIN,West,Northwest,1,617,750,647,4,7,DEN,West,Northwest,0,558,500,368,3,6
1511935200,1,HOU,West,Southwest,2,800,800,700,5,9,IND,East,Central,2,571,615,545,4,7
1512194400,0,POR,West,Northwest,2,590,666,583,3,7,NO,West,Southwest,1,500,466,500,2,5
1517551200,1,CHA,East,Southeast,1,420,392,500,2,5,IND,East,Central,2,557,593,458,4,7
1510639200,0,DAL,West,Southwest,2,142,100,142,1,2,SA,West,Southwest,3,615,750,400,4,5
1511071200,1,PHO,West,Pacific,1,352,363,300,2,3,CHI,East,Central,2,230,375,142,1,3
1511762400,0,NY,East,Atlantic,1,526,454,750,2,5,POR,West,Northwest,2,600,666,555,4,6
1511762400,1,HOU,West,Southwest,2,789,800,666,4,9,BKN,East,Atlantic,1,368,375,300,2,4
1512280800,0,LAL,West,Pacific,1,363,307,500,1,3,HOU,West,Southwest,4,809,800,900,5,9
1512885600,1,IND,East,Central,1,576,647,692,3,7,DEN,West,Northwest,1,560,428,307,3,5
1515477600,1,DAL,West,Southwest,2,317,320,363,2,5,ORL,East,Southeast,3,300,291,238,1,1
1518156000,0,SAC,West,Pacific,4,320,290,333,2,4,POR,West,Northwest,1,545,533,482,2,6
1508302800,1,MEM,West,Southwest,0,0,0,0,0,0,NO,West,Southwest,0,0,0,0,0,0
1509858000,0,LAC,West,Pacific,1,625,714,500,2,5,MIA,East,Southeast,1,375,600,0,1,3
1514354400,1,SAC,West,Pacific,0,333,411,384,2,4,CLE,East,Central,2,705,720,625,3,7
1517983200,0,MEM,West,Southwest,1,339,441,464,1,3,UTA,West,Northwest,2,471,517,344,5,8
1517464800,1,MIN,West,Northwest,2,592,727,769,1,4,MIL,East,Central,3,551,466,434,4,6
1517983200,1,CLE,East,Central,1,576,657,730,2,4,MIN,West,Northwest,3,607,735,428,3,5
1508994000,0,SAC,West,Pacific,3,250,250,0,1,1,NO,West,Southwest,2,250,250,333,1,1
1511676000,0,MEM,West,Southwest,1,388,500,400,0,2,BKN,East,Atlantic,1,333,375,222,1,3
1514008800,0,GS,West,Pacific,0,812,777,800,5,10,DEN,West,Northwest,0,531,444,333,2,4
1515564000,0,WAS,East,Southeast,3,575,523,650,4,7,UTA,West,Northwest,3,400,391,150,1,2
1517637600,1,IND,East,Central,1,547,575,642,3,6,PHI,East,Atlantic,0,510,520,461,2,6
1508994000,1,MEM,West,Southwest,0,750,750,1000,3,3,DAL,West,Southwest,0,200,250,0,1,1
1510725600,1,MIL,East,Central,2,538,375,571,3,5,DET,East,Central,3,769,750,600,5,8
1511330400,0,ATL,East,Southeast,1,176,90,166,1,2,LAC,West,Pacific,2,312,500,250,0,1
1508302800,1,DET,East,Central,0,0,0,0,0,0,CHA,East,Southeast,0,0,0,0,0,0
1509166800,0,LAC,West,Pacific,2,1000,1000,1000,4,4,DET,East,Central,3,600,500,500,3,3
1511330400,1,OKC,West,Northwest,2,437,200,714,3,4,GS,West,Pacific,3,764,750,777,4,9
1513749600,1,LAC,West,Pacific,2,379,411,461,2,3,PHO,West,Pacific,2,343,352,437,2,3
1517292000,1,SA,West,Southwest,2,634,666,840,3,5,DEN,West,Northwest,0,520,500,291,3,5
1513490400,1,DET,East,Central,1,551,500,615,2,3,ORL,East,Southeast,1,366,375,312,1,3
1515132000,1,DEN,West,Northwest,2,540,500,764,3,5,UTA,West,Northwest,2,421,409,166,1,3
1515736800,1,CHA,East,Southeast,2,384,333,476,3,5,UTA,West,Northwest,2,414,391,190,2,3
1516341600,0,UTA,West,Northwest,2,409,416,619,2,3,NY,East,Atlantic,2,444,384,238,1,3
1516600800,1,CHA,East,Southeast,2,409,375,480,3,6,SAC,West,Pacific,2,288,296,250,0,1
1512972000,1,GS,West,Pacific,3,777,692,727,5,8,POR,West,Northwest,2,520,571,600,1,5
1517983200,0,PHO,West,Pacific,1,327,363,321,1,2,SA,West,Southwest,4,618,633,444,2,5
1508302800,0,SAC,West,Pacific,0,0,0,0,0,0,HOU,West,Southwest,0,1000,1000,1000,1,1
1508475600,1,BKN,East,Atlantic,2,0,0,0,0,0,ORL,East,Southeast,2,1000,1000,0,1,1
1509512400,1,LAC,West,Pacific,2,666,800,500,3,4,DAL,West,Southwest,2,125,166,0,1,1
1511762400,1,IND,East,Central,1,550,583,555,4,6,ORL,East,Southeast,2,400,363,333,0,2
1514527200,0,SAC,West,Pacific,2,352,411,428,3,5,PHO,West,Pacific,3,361,380,411,3,4
1514700000,1,HOU,West,Southwest,2,735,736,722,0,5,LAL,West,Pacific,1,323,238,312,0,2
1515304800,1,POR,West,Northwest,1,526,473,473,3,5,SA,West,Southwest,2,675,666,450,3,7
1516773600,0,DAL,West,Southwest,1,340,285,400,2,4,HOU,West,Southwest,2,733,730,714,4,7
1510639200,0,BKN,East,Atlantic,2,384,500,600,2,3,BOS,East,Atlantic,2,857,800,857,5,10
1517205600,1,MIL,East,Central,1,541,448,640,3,5,PHI,East,Atlantic,1,521,545,500,3,7
1510725600,1,OKC,West,Northwest,3,461,250,666,2,5,CHI,East,Central,3,181,285,166,1,2
1515132000,1,SA,West,Southwest,2,666,650,894,3,7,PHO,West,Pacific,1,375,391,421,3,6
1515996000,0,CLE,East,Central,3,619,655,789,1,3,GS,West,Pacific,2,795,769,863,4,8
1510466400,0,IND,East,Central,1,461,428,600,1,5,HOU,West,Southwest,0,769,714,857,5,7
1511071200,0,BKN,East,Atlantic,1,400,428,571,2,3,GS,West,Pacific,0,750,750,750,4,8
1511589600,0,WAS,East,Southeast,3,555,600,555,2,6,POR,West,Northwest,0,578,666,500,3,6
1516600800,1,MIL,East,Central,2,511,407,608,1,4,PHO,West,Pacific,2,369,392,409,2,4
1516860000,1,DEN,West,Northwest,3,510,483,739,2,4,NY,East,Atlantic,1,437,384,250,2,3
1516946400,0,SA,West,Southwest,2,640,653,869,3,5,PHI,East,Atlantic,2,522,545,500,4,8
1509858000,0,ORL,East,Southeast,1,666,500,750,3,6,BOS,East,Atlantic,1,777,666,800,5,7
1511157600,0,DAL,West,Southwest,1,176,83,200,1,2,BOS,East,Atlantic,2,882,833,888,5,10
1511676000,0,CHI,East,Central,1,176,375,333,1,1,MIA,East,Southeast,1,500,500,555,3,6
1517810400,1,SAC,West,Pacific,2,307,290,304,2,3,CHI,East,Central,2,346,516,259,0,3
1510898400,1,CLE,East,Central,1,533,583,428,4,5,LAC,West,Pacific,3,384,500,400,0,2
1512108000,1,MIA,East,Southeast,2,476,461,444,3,5,CHA,East,Southeast,2,400,333,100,2,3
1513144800,0,MIA,East,Southeast,1,500,533,454,3,6,POR,West,Northwest,1,500,533,545,0,4
1513922400,0,ORL,East,Southeast,1,343,333,428,0,2,NO,West,Southwest,3,483,428,437,2,4
1511330400,1,PHI,East,Atlantic,2,562,500,500,3,7,POR,West,Northwest,1,588,666,500,4,6
1516168800,0,MIL,East,Central,2,534,440,636,2,5,MIA,East,Southeast,2,581,629,590,4,8
1509598800,1,POR,West,Northwest,1,500,600,500,2,4,LAL,West,Pacific,2,428,250,500,2,3
1510034400,1,SA,West,Southwest,2,600,666,800,2,6,LAC,West,Pacific,2,555,714,1000,1,5
1518156000,0,BOS,East,Atlantic,0,714,694,724,4,6,IND,East,Central,4,545,571,440,3,6
1508994000,1,CHI,East,Central,2,0,0,0,0,0,ATL,East,Southeast,3,250,0,250,1,1
1512712800,0,DET,East,Central,1,583,466,800,1,4,GS,West,Pacific,1,769,692,800,5,8
1513836000,1,UTA,West,Northwest,1,437,470,687,1,3,SA,West,Southwest,1,687,666,466,3,7
1517292000,1,WAS,East,Southeast,4,551,555,625,2,4,OKC,West,Northwest,2,600,535,458,5,8
1508821200,1,POR,West,Northwest,3,666,1000,0,2,2,NO,West,Southwest,2,333,333,500,1,1
1508562000,1,TOR,East,Atlantic,2,1000,1000,1000,1,1,PHI,East,Atlantic,1,0,0,0,0,0
1509166800,0,CHI,East,Central,2,250,333,500,1,1,OKC,West,Northwest,1,400,0,0,2,2
1511330400,0,PHO,West,Pacific,3,388,363,363,3,3,MIL,East,Central,2,500,400,428,3,4
1512367200,1,MEM,West,Southwest,2,318,437,333,0,0,MIN,West,Northwest,1,583,733,500,3,5
1510293600,1,DET,East,Central,2,727,666,833,4,7,ATL,East,Southeast,3,181,125,285,1,1
1510812000,1,BOS,East,Atlantic,2,866,818,857,5,10,GS,West,Pacific,2,785,750,833,5,9
1513317600,0,CHA,East,Southeast,1,370,333,571,1,2,MIA,East,Southeast,1,481,533,533,2,5
1513836000,1,NY,East,Atlantic,3,533,444,736,4,6,BOS,East,Atlantic,1,764,727,764,3,6
1512108000,1,UTA,West,Northwest,0,500,583,692,4,6,NO,West,Southwest,2,523,500,545,3,5
1512972000,0,MEM,West,Southwest,1,307,444,333,1,1,MIA,East,Southeast,2,480,533,500,2,5
1512972000,1,LAC,West,Pacific,2,375,437,416,1,4,TOR,East,Atlantic,1,708,666,571,5,8
1513317600,1,HOU,West,Southwest,2,846,857,769,5,10,SA,West,Southwest,3,678,642,461,4,8
1514008800,1,CHA,East,Southeast,0,343,315,500,1,2,MIL,East,Central,0,566,466,428,2,6
1517119200,1,SA,West,Southwest,1,627,653,833,2,5,SAC,West,Pacific,2,312,296,296,2,2
1512453600,1,OKC,West,Northwest,2,454,357,727,2,5,UTA,West,Northwest,0,541,615,222,5,7
1512885600,1,MIN,West,Northwest,3,576,705,666,3,5,DAL,West,Southwest,1,269,294,181,2,5
1513749600,0,HOU,West,Southwest,2,862,875,812,5,10,LAL,West,Pacific,1,357,266,285,2,2
1516428000,0,CHA,East,Southeast,3,418,391,500,3,6,MIA,East,Southeast,0,577,620,583,3,8
1509339600,0,MIA,East,Southeast,1,400,500,500,2,2,MIN,West,Northwest,2,500,750,333,3,3
1511330400,1,MIA,East,Southeast,3,437,444,375,2,5,BOS,East,Atlantic,1,888,833,900,5,10
1511330400,0,MEM,West,Southwest,2,437,583,444,0,2,DAL,West,Southwest,1,166,83,142,1,2
1512021600,0,ATL,East,Southeast,5,200,153,222,1,2,CLE,East,Central,2,666,705,700,5,9
1512972000,0,OKC,West,Northwest,1,480,437,750,4,5,CHA,East,Southeast,2,360,333,90,1,3
1513317600,0,BOS,East,Atlantic,2,800,750,866,3,7,UTA,West,Northwest,1,464,533,166,1,6
1514613600,0,ORL,East,Southeast,2,333,333,437,1,1,MIA,East,Southeast,0,514,550,555,3,6
1508302800,1,ORL,East,Southeast,0,0,0,0,0,0,MIA,East,Southeast,0,0,0,0,0,0
1512367200,0,ATL,East,Southeast,2,227,200,200,2,3,BKN,East,Atlantic,2,363,333,333,2,3
1515477600,0,OKC,West,Northwest,2,550,541,700,2,7,POR,West,Northwest,1,538,500,578,3,5
1509858000,1,SA,West,Southwest,1,555,500,750,1,5,PHO,West,Pacific,1,444,333,400,3,4
1511157600,1,CHA,East,Southeast,2,400,333,714,1,4,MIN,West,Northwest,1,625,727,555,3,7
1513144800,1,CHI,East,Central,2,230,428,333,3,3,UTA,West,Northwest,3,481,533,181,2,6
1515823200,1,CHI,East,Central,3,357,500,450,2,5,DET,East,Central,3,550,520,409,2,5
1517032800,1,DEN,West,Northwest,2,520,483,750,3,4,DAL,West,Southwest,1,326,266,272,1,3
1517637600,0,SAC,West,Pacific,0,313,300,318,3,3,DAL,West,Southwest,2,307,250,250,0,2
1512108000,0,CHI,East,Central,0,150,333,250,0,1,SAC,West,Pacific,2,285,416,181,2,3
1512194400,1,DEN,West,Northwest,2,571,454,818,3,6,LAL,West,Pacific,2,380,333,222,2,3
1512799200,0,MEM,West,Southwest,1,320,470,357,1,1,OKC,West,Northwest,1,458,400,166,3,4
1515391200,1,IND,East,Central,2,512,576,571,1,4,MIL,East,Central,1,552,428,444,3,6
1518069600,1,LAL,West,Pacific,2,415,322,481,3,7,OKC,West,Northwest,2,563,500,444,1,6
1508475600,1,WAS,East,Southeast,2,1000,1000,1000,1,1,DET,East,Central,2,1000,1000,0,1,1
1512799200,1,CHI,East,Central,1,166,333,200,1,1,NY,East,Atlantic,3,500,428,125,2,4
1513404000,1,CLE,East,Central,1,724,727,750,4,9,UTA,West,Northwest,1,482,533,230,1,6
1517896800,0,BKN,East,Atlantic,1,351,375,392,1,3,HOU,West,Southwest,2,745,733,720,4,8
1517896800,1,TOR,East,Atlantic,1,692,740,840,4,7,BOS,East,Atlantic,1,722,705,720,4,5
1509339600,0,HOU,West,Southwest,2,714,600,500,3,5,PHI,East,Atlantic,1,333,250,500,2,2
1512540000,1,NY,East,Atlantic,2,478,428,666,1,4,MEM,West,Southwest,1,347,470,300,1,1
1513317600,1,DEN,West,Northwest,2,535,428,833,2,5,NO,West,Southwest,2,517,450,500,3,4
1515132000,0,LAL,West,Pacific,2,297,208,315,0,1,CHA,East,Southeast,3,378,333,235,3,4
1512885600,1,NY,East,Atlantic,0,480,400,687,2,4,ATL,East,Southeast,1,240,222,230,2,3
1514613600,0,DEN,West,Northwest,3,542,476,800,3,5,PHI,East,Atlantic,1,441,437,444,1,2
1515650400,0,PHI,East,Atlantic,5,500,470,500,4,5,BOS,East,Atlantic,4,767,724,750,5,7
1516946400,0,PHO,West,Pacific,2,354,392,333,1,3,NY,East,Atlantic,1,428,384,240,1,3
1517378400,1,CLE,East,Central,0,591,666,750,2,3,MIA,East,Southeast,1,580,645,592,3,6
1508302800,0,BOS,East,Atlantic,0,0,0,0,0,0,MIL,East,Central,0,0,0,0,0,0
1508994000,0,POR,West,Northwest,2,750,1000,1000,3,3,LAC,West,Pacific,1,1000,1000,1000,3,3
1514959200,1,DEN,West,Northwest,4,527,476,750,3,5,PHO,West,Pacific,1,384,409,444,3,6
1517896800,0,GS,West,Pacific,3,773,709,760,3,7,OKC,West,Northwest,2,555,483,423,1,6
1511935200,1,TOR,East,Atlantic,4,631,600,857,3,7,CHA,East,Southeast,4,421,363,111,3,3
1513317600,0,IND,East,Central,2,571,647,666,4,6,DET,East,Central,0,535,470,466,1,3
1508475600,0,PHI,East,Atlantic,2,0,0,0,0,0,BOS,East,Atlantic,1,0,0,0,0,0
1510725600,0,LAL,West,Pacific,2,428,428,571,2,4,PHI,East,Atlantic,2,538,500,555,3,7
1513922400,1,GS,West,Pacific,2,806,764,785,5,10,LAL,West,Pacific,2,379,312,333,2,3
1513663200,1,WAS,East,Southeast,2,533,500,571,2,5,NO,West,Southwest,3,500,428,466,2,4
1514008800,0,LAL,West,Pacific,0,366,294,428,1,3,POR,West,Northwest,0,500,444,600,2,3
1517551200,1,BOS,East,Atlantic,1,711,696,703,3,5,ATL,East,Southeast,2,294,193,166,1,4
1510898400,1,SA,West,Southwest,2,600,666,750,3,5,OKC,West,Northwest,2,500,250,285,3,5
1516341600,1,LAL,West,Pacific,2,340,275,391,3,4,IND,East,Central,1,533,586,476,3,5
1517378400,1,BKN,East,Atlantic,1,352,366,400,1,3,PHI,East,Atlantic,1,510,521,480,2,6
1508734800,1,MIL,East,Central,1,666,500,500,2,2,CHA,East,Southeast,3,500,500,0,1,1
1513576800,1,CHI,East,Central,3,285,466,384,5,5,PHI,East,Atlantic,3,500,500,500,1,3
1515132000,0,DAL,West,Southwest,2,333,320,400,4,5,CHI,East,Central,2,342,500,210,2,5
1517292000,1,UTA,West,Northwest,4,428,440,608,3,5,GS,West,Pacific,4,800,750,840,4,8
1517637600,0,SA,West,Southwest,2,629,655,814,3,5,UTA,West,Northwest,1,450,481,296,4,6
1509166800,1,UTA,West,Northwest,2,400,400,1000,2,2,LAL,West,Pacific,0,400,333,1000,2,2
1514268000,1,LAC,West,Pacific,3,406,450,500,2,5,SAC,West,Pacific,3,343,437,315,2,4
1514959200,1,MIA,East,Southeast,4,527,571,470,3,6,DET,East,Central,4,571,545,444,3,6
1516514400,0,SA,West,Southwest,2,638,640,904,2,5,IND,East,Central,1,521,586,454,3,5
1510984800,0,PHI,East,Atlantic,2,571,500,500,3,7,GS,West,Pacific,1,733,750,714,4,8
1511762400,0,PHI,East,Atlantic,2,611,571,625,4,7,CLE,East,Central,2,631,666,666,5,8
1516168800,1,CHA,East,Southeast,1,404,363,478,3,6,WAS,East,Southeast,2,568,541,500,2,6
1516773600,1,IND,East,Central,3,531,586,583,3,6,PHO,West,Pacific,1,361,392,391,1,3
1510120800,0,PHO,West,Pacific,2,363,285,400,2,4,MIA,East,Southeast,1,400,600,250,2,4
1510639200,0,HOU,West,Southwest,2,785,714,666,5,8,TOR,East,Atlantic,2,583,600,428,3,5
1511935200,1,NY,East,Atlantic,2,500,454,692,2,4,MIA,East,Southeast,1,500,500,545,3,6
1513576800,1,SA,West,Southwest,2,666,625,875,3,7,LAC,West,Pacific,2,392,437,333,3,4
1517119200,1,HOU,West,Southwest,1,723,714,750,4,7,PHO,West,Pacific,1,346,392,375,1,2
1518069600,1,POR,West,Northwest,3,537,533,600,2,6,CHA,East,Southeast,3,433,413,333,3,5
1513058400,1,NY,East,Atlantic,1,500,437,705,2,4,LAL,West,Pacific,3,400,285,333,2,4
1513663200,0,PHI,East,Atlantic,0,482,461,500,1,3,SAC,West,Pacific,2,310,466,235,2,4
1513836000,1,PHO,West,Pacific,0,333,333,250,2,3,MEM,West,Southwest,0,290,421,230,1,2
1516428000,1,PHI,East,Atlantic,2,512,500,500,4,7,MIL,East,Central,2,522,423,428,2,4
1517032800,1,MIA,East,Southeast,2,562,633,545,2,6,CHA,East,Southeast,1,425,400,315,3,6
1509339600,1,BOS,East,Atlantic,1,666,666,500,4,4,SA,West,Southwest,1,666,1000,500,3,4
1515218400,1,IND,East,Central,2,500,560,550,0,3,CHI,East,Central,0,358,500,250,2,5
1517119200,1,CLE,East,Central,1,595,677,739,2,3,DET,East,Central,3,468,433,375,0,2
1508562000,1,DEN,West,Northwest,3,0,0,0,0,0,SAC,West,Pacific,1,500,500,1000,1,1
1512367200,0,PHI,East,Atlantic,1,590,545,636,3,7,PHO,West,Pacific,2,333,307,363,1,3
1514008800,0,MIA,East,Southeast,1,531,555,500,4,6,NO,West,Southwest,1,500,428,470,2,5
1516168800,1,LAC,West,Pacific,2,511,551,590,5,8,DEN,West,Northwest,1,522,500,304,2,4
1510725600,0,CHA,East,Southeast,5,416,428,800,1,4,CLE,East,Central,2,500,545,571,3,4
1509512400,0,NO,West,Southwest,2,428,400,333,3,3,MIN,West,Northwest,2,571,750,500,3,4
1515736800,1,DEN,West,Northwest,2,512,480,736,2,5,MEM,West,Southwest,2,325,444,263,2,4
1516514400,0,BOS,East,Atlantic,2,739,709,720,3,7,ORL,East,Southeast,2,288,259,200,1,2
1516687200,1,LAL,West,Pacific,2,369,275,440,3,6,BOS,East,Atlantic,2,723,687,761,2,7
1509685200,1,DET,East,Central,2,625,500,666,3,5,MIL,East,Central,2,500,500,666,2,4
1512194400,1,DAL,West,Southwest,2,227,200,230,2,3,LAC,West,Pacific,1,400,538,400,3,3
1514613600,1,ATL,East,Southeast,1,257,240,352,2,3,POR,West,Northwest,1,529,473,625,2,5
1517724000,0,PHO,West,Pacific,1,339,375,333,1,2,CHA,East,Southeast,1,431,413,318,3,6
1515650400,0,SAC,West,Pacific,1,325,363,368,1,3,LAC,West,Pacific,0,475,500,400,3,7
1516255200,1,HOU,West,Southwest,2,714,708,714,3,5,MIN,West,Northwest,2,630,793,500,4,7
1517119200,1,OKC,West,Northwest,2,591,535,720,5,7,PHI,East,Atlantic,1,533,545,521,4,8
1517896800,0,NY,East,Atlantic,1,425,366,615,2,3,MIL,East,Central,1,557,500,440,4,7
1512972000,1,HOU,West,Southwest,1,833,846,727,5,9,NO,West,Southwest,1,518,473,538,3,5
1515564000,1,MEM,West,Southwest,4,307,423,350,2,3,NO,West,Southwest,2,512,416,500,2,5
1518069600,0,WAS,East,Southeast,2,574,580,653,4,6,BOS,East,Atlantic,2,709,685,692,4,5
1508648400,0,LAL,West,Pacific,1,500,500,0,1,1,NO,West,Southwest,2,0,0,0,0,0
1510725600,1,ATL,East,Southeast,1,142,100,0,1,1,SAC,West,Pacific,2,230,333,125,2,2
1510725600,1,MIN,West,Northwest,1,615,666,800,3,6,SA,West,Southwest,0,642,800,500,4,5
1512367200,1,IND,East,Central,2,521,571,600,2,6,NY,East,Atlantic,1,500,461,142,1,4
1513058400,1,DAL,West,Southwest,2,259,277,333,2,4,SA,West,Southwest,3,703,692,500,4,8
1513749600,0,BKN,East,Atlantic,3,379,333,400,1,4,SAC,West,Pacific,1,333,466,277,2,4
1515736800,1,WAS,East,Southeast,2,560,523,619,3,6,ORL,East,Southeast,1,285,280,217,0,1
1515996000,1,LAC,West,Pacific,2,500,535,571,4,8,HOU,West,Southwest,3,731,739,750,3,5
1516687200,1,GS,West,Pacific,3,787,740,727,4,8,NY,East,Atlantic,2,446,384,260,2,3
1508562000,1,UTA,West,Northwest,1,500,500,1000,1,1,OKC,West,Northwest,2,1000,0,0,1,1
1510034400,0,WAS,East,Southeast,2,555,750,500,2,5,DAL,West,Southwest,2,90,111,0,0,1
1512194400,1,MIL,East,Central,1,550,400,555,3,7,SAC,West,Pacific,1,318,416,250,3,4
1513922400,1,MIL,East,Central,3,551,428,666,2,6,CHA,East,Southeast,2,354,333,153,1,3
1517119200,0,NO,West,Southwest,1,562,464,608,4,8,LAC,West,Pacific,1,500,545,434,2,7
1509685200,0,ATL,East,Southeast,2,125,0,0,0,1,HOU,West,Southwest,1,666,600,833,3,6
1512540000,1,CLE,East,Central,1,708,736,666,5,10,SAC,West,Pacific,3,304,416,230,2,4
1512799200,1,ATL,East,Southeast,3,208,176,181,1,3,ORL,East,Southeast,1,407,400,333,2,3
1513404000,1,MIA,East,Southeast,1,500,562,416,3,5,LAC,West,Pacific,1,407,437,357,3,5
1513922400,1,MIA,East,Southeast,2,516,555,461,3,6,DAL,West,Southwest,1,281,272,142,2,4
1509512400,0,NY,East,Atlantic,2,500,500,666,3,3,HOU,West,Southwest,2,625,600,800,2,5
1510812000,0,PHO,West,Pacific,3,333,333,333,1,3,HOU,West,Southwest,2,733,714,875,4,7
1511589600,0,CHA,East,Southeast,0,444,363,777,3,3,SA,West,Southwest,2,611,625,375,3,7
1511848800,0,SAC,West,Pacific,0,300,416,444,2,4,MIL,East,Central,3,500,400,444,2,5
1511935200,1,DET,East,Central,1,684,583,777,3,7,PHO,West,Pacific,0,363,307,444,2,4
1515564000,0,GS,West,Pacific,2,804,800,761,5,8,LAC,West,Pacific,2,461,480,368,3,7
1516600800,0,LAC,West,Pacific,2,511,548,608,4,7,MIN,West,Northwest,2,625,766,478,3,6
1510034400,1,NY,East,Atlantic,2,555,600,666,4,5,CHA,East,Southeast,1,500,600,200,3,5
1512626400,0,PHI,East,Atlantic,3,565,545,583,2,6,LAL,West,Pacific,3,347,285,200,0,3
1512712800,1,SA,West,Southwest,2,680,666,857,4,8,BOS,East,Atlantic,2,846,777,833,4,8
1508475600,0,DAL,West,Southwest,2,0,0,0,0,0,SAC,West,Pacific,1,0,0,0,0,0
1508734800,0,HOU,West,Southwest,2,1000,1000,1000,3,3,MEM,West,Southwest,2,1000,1000,0,2,2
1512540000,1,NO,West,Southwest,2,500,470,454,1,4,DEN,West,Northwest,1,565,461,272,3,5
1516168800,1,OKC,West,Northwest,2,545,518,681,2,5,LAL,West,Pacific,2,348,285,300,4,4
1508994000,0,MIL,East,Central,3,750,666,666,3,3,BOS,East,Atlantic,2,500,500,500,2,2
1516946400,0,TOR,East,Atlantic,2,695,769,850,3,6,UTA,West,Northwest,2,416,440,240,3,4
1512626400,0,PHO,West,Pacific,2,346,307,307,2,4,WAS,East,Southeast,1,541,583,538,3,4
1514959200,0,DAL,West,Southwest,3,342,333,421,4,5,GS,West,Pacific,4,783,761,823,3,8
1509080400,1,NY,East,Atlantic,3,0,0,0,0,0,BKN,East,Atlantic,2,600,600,0,3,3
1509685200,1,LAL,West,Pacific,1,375,200,400,2,3,BKN,East,Atlantic,3,375,500,0,1,3
1510984800,0,ATL,East,Southeast,3,200,100,200,1,2,BOS,East,Atlantic,1,875,818,875,5,10
1515045600,0,LAC,West,Pacific,2,472,521,588,4,6,OKC,West,Northwest,1,552,545,388,3,7
1515391200,1,GS,West,Pacific,2,800,791,750,4,8,DEN,West,Northwest,2,538,500,333,2,5
1509080400,1,ORL,East,Southeast,3,750,750,1000,3,3,SA,West,Southwest,1,1000,1000,1000,4,4
1510034400,1,TOR,East,Atlantic,2,555,666,666,3,5,CHI,East,Central,2,250,400,250,2,2
1511330400,1,NO,West,Southwest,2,529,500,500,3,6,SA,West,Southwest,1,647,714,428,4,7
1512367200,0,CHI,East,Central,3,142,333,222,0,1,CLE,East,Central,2,695,722,727,5,10
1514008800,1,BOS,East,Atlantic,1,742,695,764,2,5,CHI,East,Central,2,322,500,187,4,7
1515736800,0,PHO,West,Pacific,5,380,400,363,2,5,HOU,West,Southwest,2,725,727,736,3,4
1516082400,0,BOS,East,Atlantic,5,772,733,782,5,8,NO,West,Southwest,2,523,423,500,3,6
1515823200,1,WAS,East,Southeast,1,571,545,636,3,7,BKN,East,Atlantic,0,380,375,350,2,4
1508907600,1,DET,East,Central,2,500,500,500,2,2,MIN,West,Northwest,0,500,666,500,2,2
1509685200,1,PHI,East,Atlantic,2,500,400,333,4,4,IND,East,Central,2,625,666,500,4,5
1509858000,0,TOR,East,Atlantic,1,625,1000,1000,3,5,WAS,East,Southeast,1,500,666,500,1,4
1511589600,1,DAL,West,Southwest,3,210,153,181,2,3,OKC,West,Northwest,1,444,272,222,2,4
1512108000,1,OKC,West,Northwest,2,400,250,666,1,4,MIN,West,Northwest,2,590,769,545,3,6
1513490400,1,TOR,East,Atlantic,1,703,692,909,4,8,SAC,West,Pacific,2,321,466,250,2,4
1515132000,1,POR,West,Northwest,3,513,473,444,3,5,ATL,East,Southeast,3,270,240,157,3,4
1515823200,0,DAL,West,Southwest,2,348,320,391,2,6,LAL,West,Pacific,1,341,269,277,3,3
1517292000,1,NY,East,Atlantic,3,440,384,625,2,3,BKN,East,Atlantic,3,360,379,320,2,3
1517637600,1,DEN,West,Northwest,1,519,500,740,3,5,GS,West,Pacific,0,788,733,814,4,8
1510380000,1,MIL,East,Central,0,454,375,400,1,4,LAL,West,Pacific,2,416,333,200,2,4
1511848800,0,MIN,West,Northwest,2,600,750,700,2,5,WAS,East,Southeast,3,526,600,555,1,5
1515218400,0,BKN,East,Atlantic,2,394,400,473,3,4,BOS,East,Atlantic,0,761,714,736,5,7
1517205600,1,ATL,East,Southeast,3,285,200,400,1,4,MIN,West,Northwest,3,615,727,461,3,6
1508389200,1,TOR,East,Atlantic,0,0,0,0,0,0,CHI,East,Central,0,0,0,0,0,0
1508821200,1,LAC,West,Pacific,3,1000,1000,1000,2,2,UTA,West,Northwest,3,666,666,0,2,2
1510207200,1,HOU,West,Southwest,4,727,666,500,3,7,CLE,East,Central,2,454,500,500,2,4
1510380000,1,WAS,East,Southeast,2,545,750,500,2,5,ATL,East,Southeast,1,166,111,250,1,1
1513490400,0,WAS,East,Southeast,1,551,538,615,3,6,CLE,East,Central,0,733,727,692,4,9
1508562000,1,LAC,West,Pacific,2,1000,1000,0,1,1,PHO,West,Pacific,1,0,0,0,0,0
1509512400,1,BOS,East,Atlantic,2,714,666,666,5,5,SAC,West,Pacific,1,142,200,250,0,1
1510380000,1,GS,West,Pacific,2,750,750,666,5,8,PHI,East,Atlantic,1,545,500,571,4,6
1512799200,0,CHA,East,Southeast,1,375,333,615,1,4,LAL,West,Pacific,1,375,285,272,1,3
1513317600,0,ORL,East,Southeast,2,379,375,461,1,3,POR,West,Northwest,1,518,533,583,1,4
1513317600,1,TOR,East,Atlantic,1,692,666,900,4,7,BKN,East,Atlantic,1,407,384,384,3,5
1514440800,1,POR,West,Northwest,5,515,473,411,2,4,PHI,East,Atlantic,3,454,437,470,1,2
1515996000,1,CHI,East,Central,1,372,518,476,3,5,MIA,East,Southeast,1,595,653,619,5,8
1516341600,1,BKN,East,Atlantic,2,355,346,375,1,3,MIA,East,Southeast,1,590,642,608,4,8
1509512400,0,CLE,East,Central,3,428,500,500,1,3,IND,East,Central,1,571,500,333,3,4
1512108000,1,WAS,East,Southeast,2,523,545,500,2,5,DET,East,Central,2,700,583,600,4,7
1513922400,0,POR,West,Northwest,2,516,470,437,3,3,DEN,West,Northwest,2,516,411,294,2,4
1516946400,1,MIL,East,Central,4,521,407,625,2,4,BKN,East,Atlantic,3,375,392,347,2,3
1517292000,1,HOU,West,Southwest,2,729,724,760,4,8,ORL,East,Southeast,7,291,275,222,2,2
1518069600,1,GS,West,Pacific,2,759,687,730,2,6,DAL,West,Southwest,3,314,264,269,1,2
1510293600,0,PHO,West,Pacific,2,333,285,333,1,4,ORL,East,Southeast,2,636,500,600,3,6
1510293600,0,SA,West,Southwest,3,636,750,833,3,6,MIL,East,Central,3,400,375,400,1,4
1510552800,0,NY,East,Atlantic,1,583,571,750,4,7,CLE,East,Central,1,461,500,500,3,4
1510984800,1,CHA,East,Southeast,0,357,333,666,0,3,LAC,West,Pacific,0,357,500,333,0,1
1513404000,1,HOU,West,Southwest,0,851,866,785,5,10,MIL,East,Central,1,555,384,461,3,6
1514700000,0,PHO,West,Pacific,1,378,409,315,3,5,PHI,East,Atlantic,0,457,437,473,2,3
1510380000,1,PHO,West,Pacific,1,307,285,285,0,4,MIN,West,Northwest,2,636,714,500,4,7
1511589600,0,IND,East,Central,1,578,636,625,5,6,BOS,East,Atlantic,1,850,785,818,4,9
1512799200,0,POR,West,Northwest,4,541,615,500,2,5,HOU,West,Southwest,1,826,833,916,5,9
1514354400,1,OKC,West,Northwest,2,558,550,764,5,8,TOR,East,Atlantic,1,718,750,578,4,8
1515650400,1,LAL,West,Pacific,2,325,240,363,2,2,SA,West,Southwest,3,666,652,454,3,6
1516600800,1,HOU,West,Southwest,1,727,730,739,4,7,MIA,East,Southeast,2,586,633,600,3,8
1517724000,1,BOS,East,Atlantic,2,716,705,714,4,5,POR,West,Northwest,2,557,533,518,4,7
1508475600,1,MIN,West,Northwest,1,0,0,0,0,0,UTA,West,Northwest,1,1000,1000,0,1,1
1509858000,1,HOU,West,Southwest,1,700,600,333,3,7,UTA,West,Northwest,1,555,625,0,3,5
1513058400,1,SAC,West,Pacific,2,307,461,363,2,4,PHO,West,Pacific,3,321,285,384,1,2
1517032800,0,ATL,East,Southeast,1,291,206,416,2,4,WAS,East,Southeast,1,541,538,458,1,4
1512885600,0,DET,East,Central,1,560,466,727,0,4,BOS,East,Atlantic,1,814,777,769,4,7
1514527200,0,GS,West,Pacific,2,800,750,777,4,9,CHA,East,Southeast,2,352,333,142,2,3
1509858000,1,MIN,West,Northwest,1,666,833,750,4,6,CHA,East,Southeast,1,555,600,250,3,5
1512712800,1,MIL,East,Central,2,565,416,636,4,6,DAL,West,Southwest,2,280,294,200,2,5
1513749600,0,BOS,East,Atlantic,2,787,761,812,3,7,MIA,East,Southeast,2,500,529,529,3,5
1517551200,0,SAC,West,Pacific,3,320,310,333,3,3,GS,West,Pacific,3,784,724,807,3,7
1509253200,0,GS,West,Pacific,1,666,500,666,4,4,DET,East,Central,0,666,500,666,3,4
1509339600,0,POR,West,Northwest,2,666,750,666,3,4,TOR,East,Atlantic,2,600,1000,333,3,3
1512540000,1,SA,West,Southwest,2,666,666,846,4,7,MIA,East,Southeast,3,478,500,500,2,5
1512799200,0,PHO,West,Pacific,2,333,307,285,1,3,SA,West,Southwest,0,692,666,454,4,8
1508562000,1,MIL,East,Central,1,500,500,0,1,1,POR,West,Northwest,1,1000,1000,1000,2,2
1510725600,1,POR,West,Northwest,2,538,666,555,3,5,ORL,East,Southeast,1,571,500,500,2,5
1511330400,1,CLE,East,Central,2,588,615,500,5,7,BKN,East,Atlantic,3,375,428,250,2,3
1512367200,0,NO,West,Southwest,1,521,500,500,2,5,GS,West,Pacific,1,750,666,769,4,7
1517205600,0,DAL,West,Southwest,3,320,258,370,1,3,MIA,East,Southeast,4,571,645,576,2,6
1508302800,1,UTA,West,Northwest,0,0,0,0,0,0,DEN,West,Northwest,0,0,0,0,0,0
1509253200,1,CHA,East,Southeast,1,400,333,666,2,2,ORL,East,Southeast,1,800,750,500,4,4
1511244000,1,LAL,West,Pacific,2,411,444,500,2,4,CHI,East,Central,2,214,375,125,1,2
1512108000,0,MEM,West,Southwest,1,350,466,363,0,1,SA,West,Southwest,1,666,700,444,4,7
1512712800,0,MEM,West,Southwest,2,333,470,384,1,1,TOR,East,Atlantic,3,681,666,500,4,8
1516860000,1,OKC,West,Northwest,2,574,535,708,5,7,WAS,East,Southeast,2,553,538,478,2,5
1514700000,0,IND,East,Central,1,527,583,578,2,4,MIN,West,Northwest,2,611,760,555,4,7
1515996000,0,UTA,West,Northwest,3,404,391,650,1,3,IND,East,Central,1,534,586,473,4,4
1516600800,1,DEN,West,Northwest,3,500,466,727,2,4,POR,West,Northwest,1,543,500,521,3,6
1517378400,1,POR,West,Northwest,0,560,533,583,4,6,CHI,East,Central,3,360,516,280,1,4
1508907600,1,DAL,West,Southwest,2,0,0,0,0,0,MEM,West,Southwest,2,1000,1000,1000,3,3
1509858000,1,NY,East,Atlantic,2,500,500,600,4,4,IND,East,Central,2,555,500,400,3,5
1513576800,1,ATL,East,Southeast,2,206,190,230,1,2,MIA,East,Southeast,1,517,562,562,4,5
1513749600,0,DEN,West,Northwest,2,533,437,846,2,5,MIN,West,Northwest,2,580,714,500,3,6
1517378400,1,PHO,West,Pacific,2,333,366,320,0,2,DAL,West,Southwest,2,313,258,260,1,3
1513749600,0,ATL,East,Southeast,2,233,227,285,1,3,IND,East,Central,2,548,600,500,2,5
1514268000,1,DEN,West,Northwest,3,545,473,785,3,5,UTA,West,Northwest,3,441,473,187,1,2
1514354400,0,CHA,East,Southeast,4,363,350,526,2,3,BOS,East,Atlantic,2,729,680,722,2,5
1516946400,1,NO,West,Southwest,2,553,444,590,4,7,HOU,West,Southwest,2,739,740,727,4,7
1508562000,0,NY,East,Atlantic,2,0,0,0,0,0,DET,East,Central,1,500,500,0,1,1
1514008800,1,MEM,West,Southwest,1,281,400,333,1,2,LAC,West,Pacific,1,419,473,352,2,5
1514613600,1,GS,West,Pacific,0,777,750,736,3,8,MEM,West,Southwest,2,314,434,250,2,3
1516341600,1,TOR,East,Atlantic,1,697,760,842,2,7,SA,West,Southwest,1,652,640,440,3,5
1508907600,0,PHI,East,Atlantic,2,250,250,0,1,1,HOU,West,Southwest,1,750,750,1000,3,3
1510034400,1,CLE,East,Central,2,400,444,333,1,4,MIL,East,Central,4,444,428,500,1,4
1510380000,1,NY,East,Atlantic,3,545,571,714,3,6,SAC,West,Pacific,1,272,333,166,2,3
1512712800,0,CHA,East,Southeast,1,391,357,666,1,4,CHI,East,Central,2,130,272,76,0,0
1513922400,1,OKC,West,Northwest,2,516,500,733,4,7,ATL,East,Southeast,2,225,217,187,1,3
1515132000,1,MIA,East,Southeast,1,540,590,500,3,7,NY,East,Atlantic,2,473,391,187,1,3
1515304800,1,PHO,West,Pacific,1,365,375,333,2,5,OKC,West,Northwest,2,564,565,421,3,8
1516514400,1,LAL,West,Pacific,1,355,275,416,3,5,NY,East,Atlantic,1,456,384,272,2,3
1517464800,0,SA,West,Southwest,1,641,678,846,4,6,HOU,West,Southwest,2,734,724,695,4,8
1509339600,1,NY,East,Atlantic,1,400,500,500,2,2,DEN,West,Northwest,1,500,500,500,3,3
1509771600,0,DEN,West,Northwest,1,555,500,750,4,5,GS,West,Pacific,2,666,666,800,4,6
1514527200,0,MIA,East,Southeast,3,529,578,500,3,7,BKN,East,Atlantic,2,352,352,294,1,2
1510466400,1,DET,East,Central,1,750,714,857,4,8,MIA,East,Southeast,1,500,600,500,3,5
1510898400,1,TOR,East,Atlantic,1,642,600,800,4,7,NY,East,Atlantic,2,571,500,250,3,7
1513576800,1,MIN,West,Northwest,2,566,700,625,3,5,POR,West,Northwest,2,551,533,642,3,5
1517810400,1,DEN,West,Northwest,2,528,514,750,3,6,CHA,East,Southeast,1,442,413,347,3,6
1510725600,0,MIA,East,Southeast,3,461,500,500,3,4,WAS,East,Southeast,2,615,800,600,4,5
1511589600,1,PHI,East,Atlantic,3,588,500,571,4,7,ORL,East,Southeast,0,421,400,363,0,2
1516773600,0,CHA,East,Southeast,2,422,375,500,3,6,NO,West,Southwest,1,543,444,500,4,7
1513058400,1,CLE,East,Central,2,703,714,714,4,9,ATL,East,Southeast,1,230,210,214,2,3
1515736800,1,MIN,West,Northwest,2,627,785,727,3,7,NY,East,Atlantic,2,463,360,222,1,2
1508734800,1,MIA,East,Southeast,1,500,500,1000,1,1,ATL,East,Southeast,1,333,0,333,1,1
1509512400,1,MIA,East,Southeast,2,333,500,400,2,2,CHI,East,Central,3,200,333,0,1,1
1511935200,1,SA,West,Southwest,2,650,666,818,4,7,MEM,West,Southwest,3,368,500,375,0,1
1517896800,1,PHI,East,Atlantic,3,500,500,565,1,5,WAS,East,Southeast,1,584,600,518,5,6
1511071200,1,LAL,West,Pacific,1,375,375,444,1,4,DEN,West,Northwest,1,600,500,333,4,7
1512280800,0,MIA,East,Southeast,1,500,500,500,3,5,GS,West,Pacific,2,739,666,750,4,7
1513922400,0,HOU,West,Southwest,2,833,823,764,4,9,LAC,West,Pacific,1,400,444,312,2,4
1512021600,1,BOS,East,Atlantic,3,818,750,800,3,8,PHI,East,Atlantic,1,600,555,600,4,6
1517810400,0,MIA,East,Southeast,2,547,588,565,2,4,ORL,East,Southeast,2,294,266,214,1,3
1509080400,0,LAL,West,Pacific,2,500,333,333,2,2,TOR,East,Atlantic,2,500,1000,0,2,2
1514008800,0,UTA,West,Northwest,1,454,500,705,2,3,OKC,West,Northwest,1,531,500,312,4,7
1515736800,1,IND,East,Central,2,512,571,565,2,4,CLE,East,Central,0,634,678,500,2,3
1516946400,0,DAL,West,Southwest,2,333,275,384,1,3,POR,West,Northwest,1,541,500,500,4,6
1511071200,0,MIA,East,Southeast,3,466,500,428,3,5,IND,East,Central,1,500,500,444,3,5
1508562000,1,MIA,East,Southeast,3,0,0,0,0,0,IND,East,Central,1,500,1000,0,1,1
1508907600,1,BKN,East,Atlantic,1,500,500,1000,2,2,CLE,East,Central,1,750,750,1000,3,3
1509253200,0,CLE,East,Central,1,500,600,666,2,3,NY,East,Atlantic,1,250,333,0,1,1
1509426000,0,BKN,East,Atlantic,2,428,500,750,2,3,PHO,West,Pacific,2,333,333,0,2,2
1510466400,1,BOS,East,Atlantic,1,846,777,833,5,10,TOR,East,Atlantic,2,636,750,500,3,6
1514440800,1,ORL,East,Southeast,1,314,300,400,0,1,DET,East,Central,2,575,571,470,4,5
1518069600,1,TOR,East,Atlantic,2,698,750,846,4,7,NY,East,Atlantic,2,418,354,250,1,3
1513576800,1,HOU,West,Southwest,2,857,866,800,5,10,UTA,West,Northwest,2,466,533,214,1,5
1513576800,0,DAL,West,Southwest,2,266,285,375,1,3,PHO,West,Pacific,2,322,312,400,1,3
1514008800,0,SAC,West,Pacific,3,354,466,416,3,5,SA,West,Southwest,1,666,631,437,3,7
1510120800,1,ORL,East,Southeast,3,600,428,600,2,6,NY,East,Atlantic,0,600,666,333,4,6
1510552800,1,MIL,East,Central,1,500,375,500,2,5,MEM,West,Southwest,2,583,700,500,2,5
1512367200,1,DAL,West,Southwest,2,260,250,285,3,4,DEN,West,Northwest,1,590,500,300,3,6
1514527200,0,NO,West,Southwest,2,529,428,562,3,6,DAL,West,Southwest,2,305,272,176,3,4
1517551200,1,TOR,East,Atlantic,1,680,740,826,3,5,POR,West,Northwest,1,568,533,538,4,7
1510207200,1,TOR,East,Atlantic,2,600,750,750,3,6,NO,West,Southwest,2,545,428,714,3,6
1513836000,1,CLE,East,Central,1,718,708,764,4,8,CHI,East,Central,0,333,529,200,5,7
1514440800,1,BOS,East,Atlantic,1,736,692,736,2,5,HOU,West,Southwest,3,781,736,857,2,7
1510380000,1,NO,West,Southwest,1,500,428,250,3,6,LAC,West,Pacific,0,454,555,500,1,4
1510380000,1,SA,West,Southwest,0,583,750,714,3,5,CHI,East,Central,1,200,285,200,1,2
1517637600,0,ORL,East,Southeast,3,300,275,409,2,3,WAS,East,Southeast,2,568,571,480,3,6
1508475600,0,PHO,West,Pacific,2,0,0,0,0,0,LAL,West,Pacific,0,0,0,0,0,0
1510034400,1,SAC,West,Pacific,3,111,200,0,0,1,OKC,West,Northwest,2,500,0,500,3,4
1511589600,0,ATL,East,Southeast,1,210,166,250,2,3,TOR,East,Atlantic,0,611,555,454,3,6
1512367200,1,BOS,East,Atlantic,2,833,764,833,4,8,MIL,East,Central,1,571,400,545,4,7
1514959200,0,UTA,West,Northwest,4,432,428,684,2,3,NO,West,Southwest,4,500,409,500,3,5
1508475600,0,IND,East,Central,2,1000,1000,1000,1,1,POR,West,Northwest,1,1000,1000,1000,1,1
1509512400,1,DEN,West,Northwest,2,428,500,500,2,3,TOR,East,Atlantic,1,666,1000,500,3,4
1512626400,1,BKN,East,Atlantic,3,391,400,400,3,4,OKC,West,Northwest,2,478,400,181,3,5
1515132000,1,BOS,East,Atlantic,1,756,714,772,4,7,MIN,West,Northwest,2,615,769,550,3,7
1515564000,0,NY,East,Atlantic,3,475,375,681,2,3,CHI,East,Central,1,341,480,238,1,4
1509685200,1,DEN,West,Northwest,2,500,500,666,3,4,MIA,East,Southeast,2,428,600,0,2,3
1513749600,0,POR,West,Northwest,2,533,500,466,3,4,SA,West,Southwest,2,677,647,428,3,7
1514268000,1,MIA,East,Southeast,2,515,555,466,3,6,ORL,East,Southeast,3,323,315,263,0,1
1515564000,1,MIN,West,Northwest,2,619,777,714,3,7,OKC,West,Northwest,1,536,520,400,2,6
1510293600,0,POR,West,Northwest,3,545,625,571,2,5,BKN,East,Atlantic,3,363,500,166,1,4
1509253200,1,IND,East,Central,3,400,500,500,2,2,SA,West,Southwest,1,800,1000,666,4,4
1510898400,0,LAL,West,Pacific,2,400,428,500,1,4,PHO,West,Pacific,1,312,300,333,1,3
1511330400,1,MIN,West,Northwest,2,588,727,714,3,6,ORL,East,Southeast,2,470,444,444,0,3
1513576800,0,LAL,West,Pacific,4,370,285,461,2,3,GS,West,Pacific,4,793,733,812,5,9
1514268000,1,DET,East,Central,4,562,550,666,4,4,IND,East,Central,3,575,636,533,3,7
1508562000,0,CLE,East,Central,1,1000,1000,1000,2,2,ORL,East,Southeast,1,500,500,0,1,1
1508648400,0,OKC,West,Northwest,0,500,0,1000,1,1,MIN,West,Northwest,1,500,500,0,1,1
1508907600,1,CHA,East,Southeast,1,333,333,1000,1,1,DEN,West,Northwest,1,333,500,0,1,1
1510552800,0,PHO,West,Pacific,2,357,375,375,1,4,LAL,West,Pacific,2,384,333,166,2,4
1512367200,1,SA,West,Southwest,1,652,666,833,4,7,DET,East,Central,2,636,500,500,3,5
1513749600,1,OKC,West,Northwest,2,500,470,714,3,7,UTA,West,Northwest,2,451,500,200,1,4
1514440800,1,SA,West,Southwest,2,685,650,888,4,7,NY,East,Atlantic,1,500,409,153,1,5
1515218400,1,DET,East,Central,1,540,500,705,2,6,HOU,West,Southwest,1,729,714,764,2,4
1517983200,0,MIA,East,Southeast,2,537,571,541,1,3,HOU,West,Southwest,1,750,733,730,5,9
1510380000,0,DAL,West,Southwest,4,166,111,166,1,2,CLE,East,Central,2,416,500,400,2,3
1512540000,1,BOS,East,Atlantic,2,840,777,846,4,8,DAL,West,Southwest,1,291,294,222,3,5
1513144800,1,BOS,East,Atlantic,1,793,750,857,3,7,DEN,West,Northwest,1,555,428,333,2,5
1513404000,1,NY,East,Atlantic,2,535,470,722,4,5,OKC,West,Northwest,1,500,437,333,3,6
1516600800,1,DAL,West,Southwest,1,326,285,375,2,4,WAS,East,Southeast,3,565,538,500,3,6
1508734800,0,DAL,West,Southwest,2,0,0,0,0,0,GS,West,Pacific,2,333,333,500,1,1
1511935200,0,NO,West,Southwest,3,550,538,555,3,6,MIN,West,Northwest,1,571,750,500,2,5
1512194400,0,BKN,East,Atlantic,2,380,375,444,2,4,ATL,East,Southeast,1,190,142,181,1,2
1516255200,1,CLE,East,Central,2,604,655,750,1,2,ORL,East,Southeast,2,295,269,208,1,2
1516428000,0,ATL,East,Southeast,2,295,230,428,3,4,CHI,East,Central,2,377,535,272,3,4
1508734800,0,DEN,West,Northwest,2,500,500,1000,1,1,WAS,East,Southeast,3,1000,1000,0,2,2
1511071200,0,MIN,West,Northwest,1,666,727,833,3,8,DET,East,Central,2,666,600,428,3,7
1515564000,0,CHA,East,Southeast,4,394,333,500,3,5,DAL,West,Southwest,0,333,320,263,2,5
1510725600,0,MEM,West,Southwest,2,538,700,666,2,4,IND,East,Central,3,428,428,375,1,4
1511157600,0,MEM,West,Southwest,2,466,636,500,1,3,POR,West,Northwest,1,562,636,400,3,5
1513663200,1,MIL,East,Central,3,535,384,642,2,6,CLE,East,Central,2,741,739,714,5,9
1515564000,1,MIL,East,Central,2,538,409,650,2,5,ORL,East,Southeast,0,292,291,227,0,1
1517378400,1,BOS,East,Atlantic,1,705,687,692,2,5,NY,East,Atlantic,1,450,407,269,2,4
1510207200,1,WAS,East,Southeast,2,500,750,400,2,5,LAL,West,Pacific,0,454,333,250,3,5
1510898400,1,IND,East,Central,1,466,428,500,2,5,DET,East,Central,1,714,666,500,4,8
1516773600,0,MEM,West,Southwest,2,369,451,480,4,6,SA,West,Southwest,1,632,640,423,2,5
1513317600,0,MIL,East,Central,2,576,416,692,3,7,CHI,East,Central,2,259,428,142,4,4
1513749600,1,DAL,West,Southwest,2,258,272,352,1,3,DET,East,Central,3,566,526,500,3,3
1516341600,0,DEN,West,Northwest,1,511,482,761,2,4,PHO,West,Pacific,2,355,370,380,1,4
1516773600,1,PHI,East,Atlantic,1,511,523,523,3,7,CHI,East,Central,1,382,551,291,3,5
1517378400,0,ATL,East,Southeast,2,300,200,423,2,5,CHA,East,Southeast,2,408,370,285,2,5
1509426000,1,LAL,West,Pacific,3,333,250,250,2,2,DET,East,Central,2,714,500,750,4,5
1511848800,0,CHI,East,Central,2,166,333,285,0,1,PHO,West,Pacific,2,333,307,375,2,3
1512799200,1,CLE,East,Central,1,692,700,692,4,9,PHI,East,Atlantic,2,541,545,545,2,5
1513231200,1,MIN,West,Northwest,2,571,722,642,3,5,SAC,West,Pacific,1,333,500,266,2,5
1515996000,1,MEM,West,Southwest,2,317,428,380,2,4,LAL,West,Pacific,2,357,296,315,4,4
1508821200,1,BOS,East,Atlantic,4,333,333,0,1,1,NY,East,Atlantic,2,0,0,0,0,0
1510552800,0,LAC,West,Pacific,2,416,500,428,0,3,PHI,East,Atlantic,2,500,500,500,3,6
1511330400,1,UTA,West,Northwest,2,388,500,600,1,2,CHI,East,Central,0,200,375,111,1,2
1516341600,0,DET,East,Central,2,511,464,684,1,3,WAS,East,Southeast,2,555,520,476,2,6
1508389200,1,OKC,West,Northwest,0,0,0,0,0,0,NY,East,Atlantic,0,0,0,0,0,0
1509858000,1,POR,West,Northwest,2,555,666,600,2,5,OKC,West,Northwest,1,500,0,500,3,4
1515996000,1,PHI,East,Atlantic,3,487,444,473,4,5,TOR,East,Atlantic,1,707,782,608,3,6
1516082400,1,DEN,West,Northwest,3,511,481,750,1,4,DAL,West,Southwest,3,340,307,300,2,6
1518156000,1,CHI,East,Central,3,339,516,440,0,2,MIN,West,Northwest,2,596,735,413,2,5
1508302800,0,PHO,West,Pacific,0,0,0,0,0,0,POR,West,Northwest,0,0,0,0,0,0
1512799200,1,MIL,East,Central,1,583,416,666,4,6,UTA,West,Northwest,1,500,533,200,3,7
1514613600,0,NO,West,Southwest,0,514,409,529,3,5,NY,East,Atlantic,1,485,409,142,1,5
1514786400,1,BKN,East,Atlantic,1,361,368,411,1,2,ORL,East,Southeast,2,324,318,250,1,1
1514786400,1,MIN,West,Northwest,1,621,760,666,4,7,LAL,West,Pacific,1,314,227,294,0,1
1514959200,1,WAS,East,Southeast,3,567,526,666,4,7,NY,East,Atlantic,0,486,409,200,1,4
1515996000,0,DET,East,Central,2,536,500,722,2,5,CHA,East,Southeast,2,390,333,277,3,5
1509339600,1,UTA,West,Northwest,2,500,500,1000,2,3,DAL,West,Southwest,2,142,200,0,1,1
1513144800,0,IND,East,Central,3,592,647,714,4,7,OKC,West,Northwest,1,461,437,230,3,5
1514872800,0,SAC,West,Pacific,2,333,368,375,1,4,CHA,East,Southeast,2,361,333,187,2,3
1515823200,1,SA,West,Southwest,1,651,625,900,2,6,DEN,West,Northwest,0,523,500,318,2,5
1518156000,0,DET,East,Central,2,509,470,642,5,5,LAC,West,Pacific,3,519,555,458,4,6
1509512400,0,WAS,East,Southeast,3,666,1000,1000,3,4,PHO,West,Pacific,0,428,333,333,3,3
1512280800,1,MIN,West,Northwest,1,565,714,636,2,5,LAC,West,Pacific,1,380,500,363,3,3
1514354400,0,LAL,West,Pacific,2,343,263,375,1,3,MEM,West,Southwest,1,294,409,200,1,2
1517119200,1,TOR,East,Atlantic,1,680,769,809,3,5,LAL,West,Pacific,1,395,275,318,4,8
1509685200,0,OKC,West,Northwest,3,571,0,666,3,4,BOS,East,Atlantic,2,750,666,750,5,6
1510984800,0,MEM,West,Southwest,3,500,700,571,1,4,HOU,West,Southwest,1,750,750,888,4,7
1512021600,0,POR,West,Northwest,3,619,666,636,4,7,MIL,East,Central,2,526,400,500,2,6
1513404000,0,CHA,East,Southeast,1,357,312,533,1,2,POR,West,Northwest,1,535,533,615,2,5
1514354400,1,CHI,East,Central,1,333,500,466,3,8,NY,East,Atlantic,1,515,428,166,2,6
1514527200,1,CHI,East,Central,2,352,523,500,3,8,IND,East,Central,2,542,608,500,2,5
1511589600,0,SAC,West,Pacific,2,277,400,500,2,4,LAC,West,Pacific,3,352,500,333,1,1
1513749600,1,CHI,East,Central,2,310,500,428,5,6,ORL,East,Southeast,3,354,352,294,0,3
1516168800,0,BKN,East,Atlantic,2,363,346,391,1,4,SA,West,Southwest,2,644,640,416,2,5
1516946400,1,CHA,East,Southeast,2,413,375,481,3,6,ATL,East,Southeast,1,297,214,173,3,4
1509685200,0,WAS,East,Southeast,2,571,1000,666,2,4,CLE,East,Central,2,375,428,333,1,3
1514959200,1,BKN,East,Atlantic,2,378,400,444,2,3,MIN,West,Northwest,1,631,769,578,4,8
1516168800,1,MEM,West,Southwest,2,333,448,409,2,5,NY,East,Atlantic,2,454,384,250,2,3
1516687200,0,ORL,East,Southeast,2,304,285,400,2,2,SAC,West,Pacific,1,282,296,240,0,1
1517119200,0,CHI,East,Central,1,367,533,458,1,4,MIL,East,Central,1,531,428,409,3,5
1511935200,0,DAL,West,Southwest,2,238,200,250,3,4,BKN,East,Atlantic,2,350,375,272,1,3
1514700000,1,WAS,East,Southeast,1,555,500,647,3,6,CHI,East,Central,1,371,545,222,3,8
1515218400,1,MIN,West,Northwest,1,600,769,684,2,7,NO,West,Southwest,3,513,434,526,3,5
1517032800,1,MIN,West,Northwest,1,607,727,760,2,6,BKN,East,Atlantic,1,367,379,333,2,3
1517551200,0,PHO,West,Pacific,1,346,387,346,1,2,UTA,West,Northwest,3,440,461,269,4,6
1511330400,1,CHA,East,Southeast,2,437,333,750,2,4,WAS,East,Southeast,1,588,666,625,3,6
1512367200,1,UTA,West,Northwest,3,521,615,714,5,6,WAS,East,Southeast,3,545,583,545,2,5
1516082400,1,POR,West,Northwest,2,511,458,500,2,5,PHO,West,Pacific,2,363,384,400,1,4
1510207200,1,SAC,West,Pacific,2,200,333,250,1,2,PHI,East,Atlantic,2,600,500,666,5,6
1512453600,1,TOR,East,Atlantic,4,666,666,888,3,7,PHO,West,Pacific,1,360,307,416,2,4
1514008800,0,PHO,West,Pacific,2,352,368,294,3,4,MIN,West,Northwest,3,593,727,533,3,6
1515823200,0,CHA,East,Southeast,0,400,333,500,3,5,OKC,West,Northwest,2,523,500,380,2,5
1516428000,1,POR,West,Northwest,2,533,480,545,2,6,DAL,West,Southwest,4,333,296,285,2,5
1517637600,1,MIN,West,Northwest,2,600,727,777,2,4,NO,West,Southwest,1,549,451,538,3,7
1512280800,0,NY,East,Atlantic,3,523,500,714,2,5,ORL,East,Southeast,1,391,333,307,1,1
1513231200,1,GS,West,Pacific,3,785,714,750,5,9,DAL,West,Southwest,2,285,315,166,2,5
1516168800,1,ATL,East,Southeast,2,279,230,400,2,4,NO,West,Southwest,1,534,423,521,4,6
1517724000,1,TOR,East,Atlantic,2,686,740,833,3,6,MEM,West,Southwest,3,352,441,217,1,5
1510034400,0,POR,West,Northwest,2,555,666,600,2,5,MEM,West,Southwest,2,666,857,666,3,6
1511157600,0,MIL,East,Central,1,533,444,625,4,5,WAS,East,Southeast,1,562,625,571,3,5
1513058400,0,DET,East,Central,2,538,437,666,0,3,DEN,West,Northwest,2,538,428,285,2,5
1514959200,1,MIL,East,Central,2,542,388,666,2,4,IND,East,Central,3,513,583,470,1,3
1517551200,0,OKC,West,Northwest,0,576,517,730,3,8,NO,West,Southwest,3,540,433,520,3,7
1517810400,0,IND,East,Central,2,555,588,655,4,6,WAS,East,Southeast,2,576,586,500,4,6
1513058400,1,BKN,East,Atlantic,3,400,363,416,3,4,WAS,East,Southeast,3,538,583,533,3,5
1514700000,1,BOS,East,Atlantic,2,743,692,750,3,6,BKN,East,Atlantic,1,371,388,333,2,3
1509166800,0,DAL,West,Southwest,2,166,200,250,1,1,PHI,East,Atlantic,3,200,250,333,1,1
1513576800,1,OKC,West,Northwest,2,482,437,692,3,6,DEN,West,Northwest,2,551,466,312,3,5
1514959200,1,BOS,East,Atlantic,3,750,703,761,4,6,CLE,East,Central,1,675,720,555,2,6
1515391200,0,CHI,East,Central,2,350,480,473,1,4,HOU,West,Southwest,2,710,714,722,2,3
1513576800,1,CHA,East,Southeast,2,344,312,500,1,2,NY,East,Atlantic,1,551,470,200,4,6
1515304800,1,LAL,West,Pacific,1,289,208,300,0,1,ATL,East,Southeast,1,263,240,150,2,4
1512021600,1,DEN,West,Northwest,1,550,454,800,2,6,CHI,East,Central,2,157,333,90,0,1
1515132000,1,PHI,East,Atlantic,2,486,437,470,4,4,DET,East,Central,1,555,521,421,3,6
1515564000,0,DEN,West,Northwest,1,525,480,777,2,5,ATL,East,Southeast,1,250,240,136,1,3
1517032800,0,DET,East,Central,3,478,433,590,0,2,OKC,West,Northwest,1,583,535,434,5,7
1517724000,0,BKN,East,Atlantic,2,358,387,407,1,3,MIL,East,Central,2,549,483,416,4,6
1512540000,0,LAC,West,Pacific,3,363,466,400,2,3,MIN,West,Northwest,2,560,687,461,2,4
1512799200,1,LAC,West,Pacific,2,347,437,363,1,3,WAS,East,Southeast,1,560,583,571,3,5
1513144800,1,NO,West,Southwest,2,500,450,500,2,4,MIL,East,Central,3,600,416,500,4,7
1514527200,1,WAS,East,Southeast,1,542,500,625,3,5,HOU,West,Southwest,0,757,736,800,1,6
1515650400,1,TOR,East,Atlantic,2,717,772,875,4,7,CLE,East,Central,3,650,703,523,2,4
1508821200,0,MIN,West,Northwest,2,666,666,1000,2,2,IND,East,Central,3,333,500,0,1,1
1510984800,0,ORL,East,Southeast,2,533,500,666,2,4,UTA,West,Northwest,0,375,500,0,1,3
1511330400,1,HOU,West,Southwest,4,764,777,571,4,8,DEN,West,Northwest,1,588,500,375,3,7
1511848800,1,CLE,East,Central,1,650,687,600,5,9,MIA,East,Southeast,2,526,545,600,4,6
1512453600,0,POR,West,Northwest,3,565,615,538,3,6,WAS,East,Southeast,1,521,583,500,2,4
1513922400,1,BKN,East,Atlantic,2,366,333,375,1,4,WAS,East,Southeast,3,548,500,500,3,6
1515045600,0,HOU,West,Southwest,1,750,750,736,2,5,GS,West,Pacific,0,789,772,833,4,8
1517464800,1,DET,East,Central,1,469,437,583,1,2,MEM,West,Southwest,1,360,441,227,2,5
1509166800,1,MEM,West,Southwest,2,800,800,1000,4,4,HOU,West,Southwest,1,833,750,1000,4,5
1513749600,1,GS,West,Pacific,2,800,750,769,5,9,MEM,West,Southwest,4,300,444,250,1,2
1514527200,0,LAL,West,Pacific,2,333,250,352,1,3,LAC,West,Pacific,3,424,476,333,3,6
1515909600,0,PHO,West,Pacific,1,372,384,347,2,5,IND,East,Central,2,523,586,444,3,4
1515996000,0,BKN,East,Atlantic,1,372,360,409,1,4,NY,East,Atlantic,0,441,360,210,1,2
1512972000,1,CHI,East,Central,2,200,384,272,2,2,BOS,East,Atlantic,1,821,789,785,4,7
1515477600,0,TOR,East,Atlantic,1,736,809,933,5,8,MIA,East,Southeast,2,564,608,578,4,7
1516168800,1,TOR,East,Atlantic,2,690,750,833,2,6,DET,East,Central,1,523,481,391,2,4
1508907600,1,PHO,West,Pacific,2,250,250,333,1,1,UTA,West,Northwest,0,500,500,0,2,2
1510120800,1,GS,West,Pacific,2,727,714,600,4,8,MIN,West,Northwest,3,700,833,600,5,7
1510898400,1,SAC,West,Pacific,2,214,333,400,2,2,POR,West,Northwest,2,571,666,500,3,5
1510984800,1,POR,West,Northwest,1,533,600,600,2,5,SAC,West,Pacific,1,266,428,111,2,3
1512280800,1,OKC,West,Northwest,1,428,307,700,2,5,SA,West,Southwest,1,681,727,500,4,8
1514354400,0,IND,East,Central,1,558,608,611,3,6,DAL,West,Southwest,1,285,272,125,2,3
1517637600,1,DET,East,Central,2,480,437,600,2,2,MIA,East,Southeast,0,557,606,551,2,4
1517724000,0,OKC,West,Northwest,1,566,500,703,2,7,LAL,West,Pacific,1,392,275,320,3,6
1508907600,0,MIA,East,Southeast,2,666,666,1000,2,2,SA,West,Southwest,1,1000,1000,1000,3,3
1512540000,1,IND,East,Central,2,541,600,636,2,7,CHI,East,Central,1,136,300,83,0,1
1516168800,0,CHI,East,Central,2,386,535,500,3,5,GS,West,Pacific,2,800,769,869,4,8
1516860000,0,MIA,East,Southeast,2,574,633,571,2,7,SAC,West,Pacific,2,297,296,269,1,2
1518156000,1,HOU,West,Southwest,2,754,733,769,5,9,DEN,West,Northwest,3,537,514,280,3,6
1508562000,1,MEM,West,Southwest,3,1000,1000,1000,1,1,GS,West,Pacific,0,500,500,1000,1,1
1509771600,0,LAC,West,Pacific,2,714,833,600,3,5,MEM,West,Southwest,2,625,833,500,2,5
1516860000,1,GS,West,Pacific,2,791,740,739,4,8,MIN,West,Northwest,1,620,750,480,2,7
1510380000,1,HOU,West,Southwest,2,750,666,600,4,7,MEM,West,Southwest,3,636,777,600,2,6
1510725600,0,NO,West,Southwest,2,571,500,500,4,7,TOR,East,Atlantic,1,615,600,500,3,6
1515736800,1,NO,West,Southwest,2,500,400,526,2,5,POR,West,Northwest,2,536,500,571,3,6
1511589600,1,GS,West,Pacific,0,736,666,777,3,8,NO,West,Southwest,0,578,583,600,3,7
1512021600,0,LAC,West,Pacific,3,421,583,444,3,3,UTA,West,Northwest,2,476,545,125,4,5
1515996000,0,WAS,East,Southeast,1,581,565,652,3,7,MIL,East,Central,1,523,416,400,2,5
1516946400,0,MEM,West,Southwest,2,361,437,461,3,5,LAC,West,Pacific,1,489,531,409,2,6
1515996000,1,OKC,West,Northwest,1,534,500,666,2,5,SAC,West,Pacific,1,309,333,272,1,2
1516428000,1,NO,West,Southwest,2,522,423,550,3,5,MEM,West,Southwest,0,363,466,250,4,6
1516428000,1,UTA,West,Northwest,0,400,416,590,2,3,LAC,West,Pacific,2,522,566,428,5,8
1516600800,1,NO,West,Southwest,2,533,444,571,4,6,CHI,East,Central,2,391,551,304,4,5
1511676000,1,MIN,West,Northwest,1,578,727,666,2,5,PHO,West,Pacific,1,350,333,428,2,3
1513231200,1,CLE,East,Central,2,714,727,733,4,9,LAL,West,Pacific,2,384,285,307,2,4
1513317600,1,MEM,West,Southwest,2,285,444,312,0,1,ATL,East,Southeast,1,214,190,200,1,3
1518156000,0,ATL,East,Southeast,1,309,205,428,2,4,CLE,East,Central,1,584,657,423,2,5
1517032800,1,IND,East,Central,0,530,566,600,2,6,ORL,East,Southeast,4,297,285,230,2,2
1517205600,1,MEM,West,Southwest,3,354,424,444,2,5,PHO,West,Pacific,1,340,379,360,1,2
1508562000,1,HOU,West,Southwest,2,1000,1000,0,2,2,DAL,West,Southwest,0,0,0,0,0,0
1509080400,1,MIN,West,Northwest,2,400,666,500,2,2,OKC,West,Northwest,2,500,0,0,2,2
1509166800,1,NO,West,Southwest,1,400,400,0,2,2,CLE,East,Central,2,600,600,500,3,3
1510120800,1,BOS,East,Atlantic,2,818,750,750,5,9,LAL,West,Pacific,2,500,333,333,3,5
1510293600,1,OKC,West,Northwest,0,363,0,500,1,3,LAC,West,Pacific,3,500,625,666,1,5
1512540000,1,ORL,East,Southeast,2,400,357,500,2,2,ATL,East,Southeast,1,217,187,250,2,3
1509858000,1,LAL,West,Pacific,1,444,200,500,2,4,MEM,West,Southwest,1,666,857,666,3,6
1511589600,1,UTA,West,Northwest,3,421,500,636,2,3,MIL,East,Central,3,529,400,500,3,5
1508734800,1,SA,West,Southwest,2,1000,1000,1000,2,2,TOR,East,Atlantic,2,1000,1000,0,2,2
1509685200,0,UTA,West,Northwest,2,625,625,1000,3,5,TOR,East,Atlantic,2,571,1000,400,2,4
1509771600,0,CHI,East,Central,1,285,400,333,2,2,NO,West,Southwest,0,444,428,600,3,4
1511157600,1,NY,East,Atlantic,3,533,444,700,2,6,LAC,West,Pacific,2,333,500,285,0,1
1512540000,0,CHA,East,Southeast,2,409,357,727,1,4,GS,West,Pacific,2,760,692,785,4,8
1516428000,1,MIN,West,Northwest,1,617,766,750,3,6,TOR,East,Atlantic,1,704,760,583,3,7
1517637600,1,LAC,West,Pacific,3,500,542,538,2,6,CHI,East,Central,2,352,516,269,0,4
1509771600,1,MIN,West,Northwest,3,625,800,666,3,5,DAL,West,Southwest,0,100,125,0,0,1
1514613600,1,DET,East,Central,2,558,545,687,3,5,SA,West,Southwest,1,694,650,470,4,7
1512799200,0,BKN,East,Atlantic,1,416,400,454,3,5,MIA,East,Southeast,2,458,500,461,1,5
1513317600,0,PHI,East,Atlantic,2,518,500,538,1,4,OKC,West,Northwest,2,481,437,285,3,5
1514527200,1,TOR,East,Atlantic,1,696,750,923,3,7,ATL,East,Southeast,2,264,250,176,3,4
1515736800,0,MIL,East,Central,2,550,434,666,3,5,GS,West,Pacific,1,785,769,850,4,7
1510984800,1,DAL,West,Southwest,1,125,83,111,1,1,MIL,East,Central,3,571,444,500,4,5
1517032800,1,GS,West,Pacific,1,795,750,750,4,8,BOS,East,Atlantic,2,714,687,739,1,6
1513404000,0,MEM,West,Southwest,1,310,444,352,1,2,BOS,East,Atlantic,1,774,750,733,2,6
1515909600,1,MIA,East,Southeast,3,585,640,550,5,8,MIL,East,Central,1,536,434,421,2,5
1516255200,1,POR,West,Northwest,2,522,480,523,2,5,IND,East,Central,3,545,586,500,4,5
1510552800,0,UTA,West,Northwest,2,461,555,666,1,4,MIN,West,Northwest,2,583,625,428,3,6
1515132000,0,MIL,East,Central,2,555,421,684,3,5,TOR,East,Atlantic,2,722,789,571,3,8
1515564000,1,HOU,West,Southwest,2,717,714,700,3,3,POR,West,Northwest,1,550,523,600,4,6
1511330400,1,SAC,West,Pacific,2,235,333,428,1,3,LAL,West,Pacific,1,444,444,285,3,5
1512712800,0,NO,West,Southwest,2,520,500,500,2,5,SAC,West,Pacific,2,291,416,214,2,4
1515218400,0,LAC,West,Pacific,1,459,500,555,4,6,GS,West,Pacific,1,794,782,842,4,8
1517292000,1,TOR,East,Atlantic,2,687,769,818,3,5,MIN,West,Northwest,1,603,727,444,2,5
1510034400,1,DEN,West,Northwest,3,500,333,600,3,5,BKN,East,Atlantic,1,400,500,200,1,4
1515564000,0,BKN,East,Atlantic,2,375,363,428,2,4,DET,East,Central,1,538,500,380,2,5
1511157600,1,SA,West,Southwest,3,625,714,777,3,6,ATL,East,Southeast,2,187,90,200,1,2
1513576800,0,IND,East,Central,1,566,631,625,3,6,BOS,East,Atlantic,1,781,750,750,3,7
1517810400,0,NO,West,Southwest,1,538,437,560,2,6,UTA,West,Northwest,1,461,500,321,5,7
1511157600,0,ORL,East,Southeast,2,500,500,571,1,4,IND,East,Central,1,529,555,500,4,5
1512194400,1,BOS,East,Atlantic,1,826,764,818,3,8,PHO,West,Pacific,2,347,307,400,1,4
1512712800,0,ORL,East,Southeast,2,423,400,545,3,3,DEN,West,Northwest,1,541,428,250,2,5
1513144800,1,HOU,West,Southwest,2,840,857,750,5,10,CHA,East,Southeast,2,384,333,166,2,3
1514008800,1,WAS,East,Southeast,0,531,466,600,3,5,ORL,East,Southeast,1,333,333,277,0,2
1514440800,1,MIL,East,Central,2,531,411,647,2,5,MIN,West,Northwest,1,628,760,588,5,8
1508302800,1,IND,East,Central,0,0,0,0,0,0,BKN,East,Atlantic,0,0,0,0,0,0
1508302800,1,WAS,East,Southeast,0,0,0,0,0,0,PHI,East,Atlantic,0,0,0,0,0,0
1508907600,1,LAL,West,Pacific,3,333,333,0,1,1,WAS,East,Southeast,2,1000,1000,1000,3,3
1514700000,0,OKC,West,Northwest,1,555,550,736,4,8,DAL,West,Southwest,1,324,304,222,3,5
1517896800,1,ORL,East,Southeast,0,307,290,391,2,4,CLE,East,Central,2,588,676,440,3,4
1509339600,0,LAC,West,Pacific,2,800,1000,666,4,4,GS,West,Pacific,1,571,500,666,3,4
1514872800,1,PHO,West,Pacific,2,368,409,300,3,5,ATL,East,Southeast,3,277,240,166,3,4
1516687200,1,SA,West,Southwest,2,625,640,863,2,4,CLE,East,Central,3,600,666,478,1,3
1517810400,1,LAC,West,Pacific,2,509,542,555,3,6,DAL,West,Southwest,2,320,272,280,1,2
1508907600,1,OKC,West,Northwest,3,333,0,500,1,1,IND,East,Central,1,500,500,500,2,2
1509685200,0,ORL,East,Southeast,1,750,600,1000,4,6,CHI,East,Central,1,166,250,0,1,1
1513231200,0,BKN,East,Atlantic,2,423,416,461,3,5,NY,East,Atlantic,2,518,437,111,3,4
1514268000,0,MIL,East,Central,3,548,437,687,2,5,CHI,East,Central,3,312,473,176,3,7
1517205600,1,IND,East,Central,2,540,580,615,3,6,CHA,East,Southeast,3,416,384,300,2,5
1509253200,0,ATL,East,Southeast,1,166,0,0,0,1,MIL,East,Central,2,600,500,1000,3,3
1509512400,1,UTA,West,Northwest,2,571,571,1000,3,4,POR,West,Northwest,1,571,750,666,2,4
1510898400,1,BKN,East,Atlantic,3,357,428,500,2,3,UTA,West,Northwest,2,400,500,0,1,4
1514700000,0,SAC,West,Pacific,1,342,388,400,2,4,MEM,West,Southwest,0,305,416,235,2,3
1515391200,1,MIN,West,Northwest,1,609,777,700,3,7,CLE,East,Central,2,666,703,550,2,5
1515391200,1,NO,West,Southwest,1,500,416,500,2,5,DET,East,Central,2,552,500,400,2,6
1517896800,1,ATL,East,Southeast,1,301,212,407,2,4,MEM,West,Southwest,1,346,441,208,1,4
1511935200,0,LAL,West,Pacific,2,400,363,545,2,3,GS,West,Pacific,2,714,636,700,3,7
1513144800,1,WAS,East,Southeast,0,518,538,545,2,4,MEM,West,Southwest,1,296,444,272,1,1
1514268000,1,DAL,West,Southwest,2,264,272,388,1,2,TOR,East,Atlantic,3,741,750,611,5,9
1508734800,0,DET,East,Central,1,666,666,1000,2,2,PHI,East,Atlantic,1,0,0,0,0,0
1510120800,1,DET,East,Central,4,700,600,800,4,7,IND,East,Central,1,454,400,333,2,4
1510552800,1,WAS,East,Southeast,2,583,800,571,3,5,SAC,West,Pacific,1,250,333,142,2,2
1514959200,0,CHI,East,Central,2,351,521,500,3,6,TOR,East,Atlantic,2,714,777,550,3,8
1508389200,0,LAL,West,Pacific,0,0,0,0,0,0,LAC,West,Pacific,0,0,0,0,0,0
1510552800,1,POR,West,Northwest,3,500,625,500,2,4,DEN,West,Northwest,2,615,500,400,4,7
1510552800,1,GS,West,Pacific,2,769,750,714,5,9,ORL,East,Southeast,2,615,500,571,2,6
1515218400,1,SAC,West,Pacific,4,324,368,352,1,3,DEN,West,Northwest,1,552,521,350,3,6
1508821200,1,CLE,East,Central,2,666,666,500,2,2,CHI,East,Central,2,0,0,0,0,0
1509512400,1,PHI,East,Atlantic,1,428,250,0,3,3,ATL,East,Southeast,3,142,0,200,0,1
1511762400,1,SA,West,Southwest,2,631,625,800,3,7,DAL,West,Southwest,2,250,214,250,3,4
1516600800,1,MEM,West,Southwest,2,355,451,458,3,5,PHI,East,Atlantic,2,523,523,523,4,8
1509685200,0,DAL,West,Southwest,1,111,142,200,1,1,NO,West,Southwest,2,375,333,500,2,3
1516773600,1,POR,West,Northwest,2,531,481,565,3,6,MIN,West,Northwest,1,632,774,500,3,7
1511157600,1,PHI,East,Atlantic,1,533,500,400,2,7,UTA,West,Northwest,2,411,500,142,2,3
1514872800,1,CLE,East,Central,2,666,720,777,1,6,POR,West,Northwest,0,527,473,611,3,6
1516773600,0,ATL,East,Southeast,2,304,222,434,3,4,TOR,East,Atlantic,3,688,760,560,2,6
1517551200,0,BKN,East,Atlantic,2,365,387,423,1,3,LAL,West,Pacific,2,380,275,291,3,6
1509080400,1,GS,West,Pacific,2,600,500,500,3,3,WAS,East,Southeast,2,750,1000,500,3,3
1510466400,1,OKC,West,Northwest,1,416,142,600,1,4,DAL,West,Southwest,0,153,111,166,1,2
1512108000,1,TOR,East,Atlantic,2,650,636,875,3,7,IND,East,Central,1,545,615,500,3,7
1513404000,1,SA,West,Southwest,0,655,600,866,3,7,DAL,West,Southwest,1,275,300,153,1,4
1514008800,1,ATL,East,Southeast,0,218,217,266,1,2,DAL,West,Southwest,0,272,272,133,1,3
1517637600,0,CLE,East,Central,3,600,676,760,3,4,HOU,West,Southwest,2,740,733,708,4,8
1509080400,0,ATL,East,Southeast,0,200,0,0,1,1,DEN,West,Northwest,2,250,500,0,1,1
1510380000,1,DEN,West,Northwest,1,583,500,714,4,6,ORL,East,Southeast,1,666,500,666,3,7
1510552800,1,NO,West,Southwest,2,538,500,400,4,6,ATL,East,Southeast,2,153,100,222,1,1
1511157600,1,NO,West,Southwest,2,500,444,428,2,5,OKC,West,Northwest,3,466,222,250,3,5
1514613600,1,UTA,West,Northwest,2,416,428,666,1,2,CLE,East,Central,2,685,720,588,2,6
1517205600,0,DEN,West,Northwest,4,530,500,760,3,5,BOS,East,Atlantic,4,700,687,708,1,5
1517292000,0,LAC,West,Pacific,2,510,558,560,2,7,POR,West,Northwest,4,551,517,520,4,6
1515218400,0,ORL,East,Southeast,3,307,304,388,1,1,CLE,East,Central,2,657,692,526,1,5
1515304800,1,MIA,East,Southeast,1,552,608,526,4,7,UTA,West,Northwest,1,410,391,157,1,2
1515909600,1,MIN,West,Northwest,2,636,785,739,4,7,POR,West,Northwest,2,523,478,545,3,6
1508475600,0,MIL,East,Central,1,1000,1000,0,1,1,CLE,East,Central,2,1000,1000,0,1,1
1510207200,1,DEN,West,Northwest,2,545,333,666,3,6,OKC,West,Northwest,2,400,0,333,2,4
1512712800,1,IND,East,Central,2,560,625,666,3,7,CLE,East,Central,2,720,736,750,5,10
1513922400,1,DET,East,Central,1,548,526,642,3,3,NY,East,Atlantic,0,548,473,181,4,6
1517983200,1,DET,East,Central,2,500,454,629,4,4,BKN,East,Atlantic,0,345,375,307,1,3
1518156000,1,MIA,East,Southeast,2,527,571,520,0,3,MIL,East,Central,3,566,515,461,4,7
1508302800,0,DAL,West,Southwest,0,0,0,0,0,0,ATL,East,Southeast,0,0,0,0,0,0
1509339600,0,MEM,West,Southwest,2,833,833,1000,4,5,CHA,East,Southeast,1,500,500,0,3,3
1514959200,1,PHI,East,Atlantic,2,472,437,437,3,4,SA,West,Southwest,0,684,650,473,4,7
1511071200,1,TOR,East,Atlantic,1,666,666,833,4,7,WAS,East,Southeast,3,600,714,666,4,6
1516255200,0,BOS,East,Atlantic,1,755,733,750,4,8,PHI,East,Atlantic,3,500,473,500,4,6
1508475600,1,CHA,East,Southeast,2,0,0,0,0,0,ATL,East,Southeast,1,1000,0,1000,1,1
1511762400,0,GS,West,Pacific,2,750,700,800,4,8,SAC,West,Pacific,2,263,363,100,2,4
1515218400,0,WAS,East,Southeast,0,589,550,684,4,7,MIL,East,Central,1,540,400,411,3,5
1516428000,1,HOU,West,Southwest,1,720,720,727,4,6,GS,West,Pacific,3,804,769,875,4,9
1509858000,0,CLE,East,Central,1,444,500,400,1,4,ATL,East,Southeast,1,111,0,166,0,1
1510898400,1,DEN,West,Northwest,4,571,400,750,3,7,NO,West,Southwest,2,533,500,625,3,6
1511935200,1,ORL,East,Southeast,2,380,333,500,0,1,OKC,West,Northwest,3,421,250,200,1,4
1511935200,1,PHI,East,Atlantic,2,578,500,555,3,6,WAS,East,Southeast,0,550,600,600,2,6
1513058400,0,MIN,West,Northwest,2,592,722,692,3,6,PHI,East,Atlantic,2,500,500,461,1,4
1514008800,1,IND,East,Central,2,562,619,588,2,6,BKN,East,Atlantic,0,387,375,357,1,4
1515391200,1,LAC,West,Pacific,2,447,480,526,3,6,ATL,East,Southeast,1,256,240,142,1,4
1516082400,1,ORL,East,Southeast,4,279,269,368,0,1,MIN,West,Northwest,1,644,793,523,5,7
1516687200,1,OKC,West,Northwest,3,565,535,695,4,6,BKN,East,Atlantic,2,382,392,363,2,4
1516773600,0,LAC,West,Pacific,2,500,531,583,3,6,BOS,East,Atlantic,1,708,687,727,1,6
1517551200,1,MIL,East,Central,1,540,466,653,4,5,NY,East,Atlantic,2,442,392,259,2,4
1515564000,0,IND,East,Central,2,525,592,590,2,4,MIA,East,Southeast,0,575,625,600,5,8
1509166800,0,MIA,East,Southeast,3,500,666,666,2,2,BOS,East,Atlantic,2,600,600,666,3,3
1511762400,0,BOS,East,Atlantic,1,857,800,888,4,9,DET,East,Central,2,666,545,555,2,7
1514354400,1,NO,West,Southwest,4,515,428,533,3,5,BKN,East,Atlantic,0,363,352,312,1,3
1517724000,0,NY,East,Atlantic,2,433,379,640,2,4,ATL,East,Southeast,2,288,187,160,1,4
1512108000,0,ORL,East,Southeast,2,409,333,555,1,1,GS,West,Pacific,1,727,666,727,3,7
1512194400,1,CLE,East,Central,2,681,722,636,5,10,MEM,West,Southwest,0,333,437,333,0,0
1512194400,1,PHI,East,Atlantic,2,571,500,600,3,6,DET,East,Central,1,666,538,545,3,6
1515391200,0,SAC,West,Pacific,2,342,400,388,2,4,SA,West,Southwest,1,658,636,428,2,6
1515909600,0,NY,East,Atlantic,1,452,360,652,1,2,NO,West,Southwest,1,512,423,476,3,6
1509512400,0,MEM,West,Southwest,2,714,833,800,3,5,ORL,East,Southeast,2,714,600,500,4,5
1508734800,1,PHO,West,Pacific,1,0,0,0,0,0,SAC,West,Pacific,2,333,333,500,1,1
1509598800,0,SA,West,Southwest,3,571,1000,1000,2,4,GS,West,Pacific,2,625,600,750,4,5
1509685200,1,NY,East,Atlantic,1,428,500,500,3,3,PHO,West,Pacific,2,500,333,500,4,4
1514786400,0,CHI,East,Central,1,361,521,529,3,7,POR,West,Northwest,2,514,473,588,2,5
1515391200,0,BKN,East,Atlantic,2,384,380,450,3,4,TOR,East,Atlantic,2,729,800,590,4,8
1515823200,0,TOR,East,Atlantic,1,725,782,882,4,7,GS,West,Pacific,0,790,769,857,4,8
1511330400,1,NY,East,Atlantic,2,562,444,727,3,6,TOR,East,Atlantic,3,687,714,555,4,7
1511762400,1,LAC,West,Pacific,2,388,545,375,2,2,LAL,West,Pacific,5,421,400,250,2,4
1512885600,0,SAC,West,Pacific,1,320,461,400,2,4,TOR,East,Atlantic,1,695,666,538,5,8
1514008800,1,TOR,East,Atlantic,1,733,733,916,5,9,PHI,East,Atlantic,1,451,428,466,1,2
1514268000,1,SA,West,Southwest,2,676,650,882,4,7,BKN,East,Atlantic,3,375,352,333,1,4
1514354400,1,ATL,East,Southeast,4,242,217,312,2,3,WAS,East,Southeast,2,558,529,500,3,6
1514700000,1,LAC,West,Pacific,1,441,500,533,4,6,CHA,East,Southeast,1,371,333,200,2,4
1515304800,0,DAL,West,Southwest,1,325,320,380,3,5,NY,East,Atlantic,2,461,375,176,1,2
1515996000,1,ATL,East,Southeast,2,261,230,368,1,4,SA,West,Southwest,1,659,640,434,3,6
1517378400,1,ORL,East,Southeast,0,285,275,380,1,2,LAL,West,Pacific,3,387,275,304,4,7
1515477600,1,LAL,West,Pacific,2,307,208,333,1,1,SAC,West,Pacific,1,333,380,300,1,4
1517292000,1,DET,East,Central,2,458,419,565,0,1,CLE,East,Central,2,604,687,458,3,4
1517896800,1,LAL,West,Pacific,2,403,300,461,3,6,PHO,West,Pacific,2,333,375,346,1,2
1518069600,1,ORL,East,Southeast,2,320,312,416,3,5,ATL,East,Southeast,1,314,212,192,3,4
1510898400,1,CHI,East,Central,2,166,285,200,0,2,CHA,East,Southeast,2,384,375,142,0,4
1514527200,0,OKC,West,Northwest,2,571,550,777,5,8,MIL,East,Central,1,545,411,400,3,5
1508648400,1,BKN,East,Atlantic,1,500,500,1000,1,1,ATL,East,Southeast,1,500,0,500,1,1
1512367200,1,CHA,East,Southeast,2,380,307,700,1,3,ORL,East,Southeast,1,416,384,357,2,2
1508302800,1,SA,West,Southwest,0,0,0,0,0,0,MIN,West,Northwest,0,0,0,0,0,0
1509426000,1,IND,East,Central,2,500,500,666,2,3,SAC,West,Pacific,2,166,200,333,1,1
1511157600,0,SAC,West,Pacific,2,250,375,500,1,3,DEN,West,Northwest,1,562,428,285,3,6
1512885600,1,NO,West,Southwest,1,500,473,461,2,5,PHI,East,Atlantic,0,520,500,500,1,5
1513749600,0,CHA,East,Southeast,2,366,352,529,2,3,TOR,East,Atlantic,3,714,692,562,4,9
1517292000,0,NO,West,Southwest,2,551,448,583,4,7,SAC,West,Pacific,2,306,285,285,2,2
1509512400,1,CHA,East,Southeast,1,571,500,750,3,4,MIL,East,Central,0,571,600,1000,3,4
1513144800,0,ORL,East,Southeast,3,392,375,500,2,3,LAC,West,Pacific,1,400,437,333,2,5
1515736800,0,ATL,East,Southeast,1,268,240,388,1,4,BKN,East,Atlantic,2,365,347,315,2,3
1518156000,1,UTA,West,Northwest,2,481,533,625,5,8,CHA,East,Southeast,0,425,413,320,3,5
1510293600,1,BOS,East,Atlantic,1,833,750,800,5,10,CHA,East,Southeast,3,454,500,166,2,5
1514268000,1,PHO,West,Pacific,3,342,350,277,3,3,MEM,West,Southwest,3,303,428,214,2,2
1516168800,0,SAC,West,Pacific,2,302,320,350,0,2,UTA,West,Northwest,2,395,391,181,1,2
1510725600,1,NY,East,Atlantic,2,538,500,666,3,7,UTA,West,Northwest,1,428,500,0,1,4
1513317600,1,WAS,East,Southeast,2,535,538,583,3,5,LAC,West,Pacific,2,423,437,384,3,6
1516341600,1,MEM,West,Southwest,2,348,448,434,3,5,SAC,West,Pacific,1,295,307,260,0,1
1510898400,0,DAL,West,Southwest,3,133,90,125,1,1,MIN,West,Northwest,2,642,700,500,3,7
1514872800,1,LAC,West,Pacific,2,457,500,562,4,6,MEM,West,Southwest,2,324,440,277,3,4
1517464800,1,WAS,East,Southeast,2,560,555,640,3,5,TOR,East,Atlantic,1,693,769,576,3,6
1513836000,0,PHI,East,Atlantic,2,466,461,466,1,2,TOR,East,Atlantic,1,724,714,588,4,9
1514959200,0,ORL,East,Southeast,1,315,304,411,1,1,HOU,West,Southwest,3,742,750,750,1,5
1509253200,0,SAC,West,Pacific,2,200,200,0,1,1,WAS,East,Southeast,1,600,1000,333,3,3
1509685200,1,SA,West,Southwest,1,500,500,666,1,4,CHA,East,Southeast,2,625,600,333,4,5
1517378400,1,IND,East,Central,2,549,593,629,4,7,MEM,West,Southwest,1,367,441,238,2,6
1510034400,0,UTA,West,Northwest,2,500,555,833,3,5,PHI,East,Atlantic,4,555,500,600,4,5
1510898400,0,WAS,East,Southeast,1,642,833,625,4,6,MIA,East,Southeast,1,428,428,428,2,4
1511589600,1,HOU,West,Southwest,3,777,800,625,4,9,NY,East,Atlantic,1,555,454,166,3,6
1513490400,0,BKN,East,Atlantic,1,392,357,428,2,5,IND,East,Central,1,551,611,461,3,5
1514354400,1,GS,West,Pacific,2,794,736,764,4,9,UTA,West,Northwest,1,428,450,176,1,2
1509253200,0,BKN,East,Atlantic,1,500,500,1000,3,3,DEN,West,Northwest,1,400,500,333,2,2
1510034400,0,IND,East,Central,1,500,400,750,3,5,NO,West,Southwest,2,500,428,666,3,5
1508475600,0,NO,West,Southwest,2,0,0,0,0,0,GS,West,Pacific,2,0,0,0,0,0
1508562000,0,CHI,East,Central,2,0,0,0,0,0,SA,West,Southwest,2,1000,1000,0,1,1
1513404000,0,MIN,West,Northwest,2,586,736,666,3,6,PHO,West,Pacific,2,300,266,357,0,2
1516514400,0,DET,East,Central,1,500,448,650,1,3,BKN,East,Atlantic,1,369,370,333,2,4
1518156000,1,PHI,East,Atlantic,2,509,518,583,2,5,NO,West,Southwest,3,528,424,518,1,5
1513231200,0,ATL,East,Southeast,2,222,200,250,1,3,DET,East,Central,2,518,437,428,0,3
1516600800,1,ATL,East,Southeast,2,288,222,409,3,4,UTA,West,Northwest,1,413,440,217,2,4
1516946400,1,CLE,East,Central,2,586,666,727,1,3,IND,East,Central,2,541,586,478,3,7
1508821200,1,ORL,East,Southeast,2,666,666,1000,2,2,BKN,East,Atlantic,2,666,666,0,2,2
1509339600,0,NO,West,Southwest,2,500,400,500,3,3,ORL,East,Southeast,1,666,600,333,3,4
1511157600,0,DET,East,Central,1,687,600,875,3,7,CLE,East,Central,2,562,583,625,4,6
1515823200,1,LAC,West,Pacific,1,487,518,550,3,7,SAC,West,Pacific,1,317,347,285,1,2
1516946400,0,CHI,East,Central,2,375,533,478,2,5,LAL,West,Pacific,2,382,275,285,3,7
